Date,GOLD_PRICE,DOLLAR_INDEX,VIX,FED_RATE,INFLATION
01-01-2010,1097.35,77.91,21.68,0.05,217.488
02-01-2010,1097.35,77.91,21.68,0.05,217.488
03-01-2010,1097.35,77.91,21.68,0.05,217.488
04-01-2010,1120.4,77.53,20.04,0.12,217.488
05-01-2010,1119.05,77.62,19.35,0.12,217.488
06-01-2010,1138.9,77.49,19.16,0.12,217.488
07-01-2010,1132.3,77.91,19.06,0.1,217.488
08-01-2010,1136.6,77.47,18.13,0.11,217.488
09-01-2010,1136.6,77.47,18.13,0.11,217.488
10-01-2010,1136.6,77.47,18.13,0.11,217.488
11-01-2010,1153,77,17.55,0.11,217.488
12-01-2010,1127.7,76.95,18.25,0.11,217.488
13-01-2010,1138.8,76.85,17.85,0.11,217.488
14-01-2010,1143.25,76.73,17.63,0.11,217.488
15-01-2010,1130.9,77.32,17.91,0.12,217.488
16-01-2010,1130.9,77.32,17.91,0.12,217.488
17-01-2010,1130.9,77.32,17.91,0.12,217.488
18-01-2010,1133,77.06,17.91,0.12,217.488
19-01-2010,1138.1,77.5,17.58,0.13,217.488
20-01-2010,1111.7,78.34,18.68,0.13,217.488
21-01-2010,1095.15,78.32,22.27,0.12,217.488
22-01-2010,1093,78.28,27.31,0.11,217.488
23-01-2010,1093,78.28,27.31,0.11,217.488
24-01-2010,1093,78.28,27.31,0.11,217.488
25-01-2010,1098.25,78.19,25.41,0.12,217.488
26-01-2010,1098.05,78.43,24.55,0.12,217.488
27-01-2010,1086.85,78.67,23.14,0.12,217.488
28-01-2010,1086.3,78.9,23.73,0.12,217.488
29-01-2010,1081.55,79.46,24.62,0.12,217.488
30-01-2010,1081.55,79.46,24.62,0.12,217.488
31-01-2010,1081.55,79.46,24.62,0.12,217.488
01-02-2010,1107.35,79.24,22.59,0.14,217.281
02-02-2010,1115.2,79.01,21.48,0.14,217.281
03-02-2010,1109.65,79.37,21.6,0.13,217.281
04-02-2010,1063.45,79.92,26.08,0.14,217.281
05-02-2010,1065.45,80.44,26.11,0.13,217.281
06-02-2010,1065.45,80.44,26.11,0.13,217.281
07-02-2010,1065.45,80.44,26.11,0.13,217.281
08-02-2010,1063.75,80.3,26.51,0.13,217.281
09-02-2010,1077.3,79.86,26,0.13,217.281
10-02-2010,1072.85,80.03,25.4,0.12,217.281
11-02-2010,1095.35,79.99,23.96,0.12,217.281
12-02-2010,1093.4,80.32,22.73,0.12,217.281
13-02-2010,1093.4,80.32,22.73,0.12,217.281
14-02-2010,1093.4,80.32,22.73,0.12,217.281
15-02-2010,1101,80.33,22.73,0.12,217.281
16-02-2010,1119.95,79.7,22.25,0.13,217.281
17-02-2010,1115.2,80.38,21.72,0.12,217.281
18-02-2010,1123.9,80.4,20.63,0.12,217.281
19-02-2010,1118.85,80.64,20.02,0.13,217.281
20-02-2010,1118.85,80.64,20.02,0.13,217.281
21-02-2010,1118.85,80.64,20.02,0.13,217.281
22-02-2010,1113.7,80.51,19.94,0.12,217.281
23-02-2010,1102.05,80.85,21.37,0.12,217.281
24-02-2010,1096.4,80.85,20.27,0.11,217.281
25-02-2010,1106.1,80.79,20.1,0.12,217.281
26-02-2010,1116.5,80.36,19.5,0.13,217.281
27-02-2010,1116.5,80.36,19.5,0.13,217.281
28-02-2010,1116.5,80.36,19.5,0.13,217.281
01-03-2010,1117.35,80.66,19.26,0.14,217.353
02-03-2010,1134.65,80.52,19.06,0.14,217.353
03-03-2010,1139.5,79.98,18.83,0.15,217.353
04-03-2010,1132,80.56,18.72,0.16,217.353
05-03-2010,1132.05,80.43,17.42,0.17,217.353
06-03-2010,1132.05,80.43,17.42,0.17,217.353
07-03-2010,1132.05,80.43,17.42,0.17,217.353
08-03-2010,1122.4,80.43,17.79,0.15,217.353
09-03-2010,1120.1,80.59,17.92,0.14,217.353
10-03-2010,1108.2,80.44,18.57,0.14,217.353
11-03-2010,1109.45,80.32,18.06,0.15,217.353
12-03-2010,1102.45,79.83,17.58,0.17,217.353
13-03-2010,1102.45,79.83,17.58,0.17,217.353
14-03-2010,1102.45,79.83,17.58,0.17,217.353
15-03-2010,1109.1,80.25,18,0.2,217.353
16-03-2010,1125.7,79.75,17.69,0.2,217.353
17-03-2010,1125.05,79.64,16.91,0.18,217.353
18-03-2010,1125.95,80.22,16.62,0.18,217.353
19-03-2010,1107.55,80.72,16.97,0.18,217.353
20-03-2010,1107.55,80.72,16.97,0.18,217.353
21-03-2010,1107.55,80.72,16.97,0.18,217.353
22-03-2010,1102.3,80.65,16.87,0.18,217.353
23-03-2010,1102.65,80.9,16.35,0.17,217.353
24-03-2010,1087.5,81.84,17.55,0.17,217.353
25-03-2010,1091.35,82.12,18.4,0.17,217.353
26-03-2010,1106.6,81.68,17.77,0.17,217.353
27-03-2010,1106.6,81.68,17.77,0.17,217.353
28-03-2010,1106.6,81.68,17.77,0.17,217.353
29-03-2010,1109.2,81.36,17.59,0.16,217.353
30-03-2010,1103.6,81.47,17.13,0.16,217.353
31-03-2010,1113.8,81.07,17.59,0.09,217.353
01-04-2010,1126.5,80.78,17.47,0.17,217.403
02-04-2010,1120.5,81.29,17.47,0.2,217.403
03-04-2010,1120.5,81.29,17.47,0.2,217.403
04-04-2010,1120.5,81.29,17.47,0.2,217.403
05-04-2010,1130.7,81.09,17.02,0.2,217.403
06-04-2010,1134.2,81.39,16.23,0.2,217.403
07-04-2010,1148,81.44,16.62,0.19,217.403
08-04-2010,1151.15,81.53,16.48,0.19,217.403
09-04-2010,1160.9,81.09,16.14,0.19,217.403
10-04-2010,1160.9,81.09,16.14,0.19,217.403
11-04-2010,1160.9,81.09,16.14,0.19,217.403
12-04-2010,1152,80.56,15.58,0.19,217.403
13-04-2010,1151.15,80.51,16.2,0.2,217.403
14-04-2010,1154.9,80.19,15.59,0.2,217.403
15-04-2010,1158.95,80.48,15.89,0.22,217.403
16-04-2010,1137.45,80.82,18.36,0.21,217.403
17-04-2010,1137.45,80.82,18.36,0.21,217.403
18-04-2010,1137.45,80.82,18.36,0.21,217.403
19-04-2010,1135.6,81,17.34,0.2,217.403
20-04-2010,1140.5,81.05,15.73,0.2,217.403
21-04-2010,1146.3,81.16,16.32,0.2,217.403
22-04-2010,1141.45,81.57,16.47,0.2,217.403
23-04-2010,1157.4,81.35,16.62,0.2,217.403
24-04-2010,1157.4,81.35,16.62,0.2,217.403
25-04-2010,1157.4,81.35,16.62,0.2,217.403
26-04-2010,1154.88,81.48,17.47,0.2,217.403
27-04-2010,1172.93,82.15,22.81,0.2,217.403
28-04-2010,1165.45,82.38,21.08,0.2,217.403
29-04-2010,1167.1,82,18.44,0.19,217.403
30-04-2010,1179.25,81.87,22.05,0.2,217.403
01-05-2010,1179.25,81.87,22.05,0.2,217.29
02-05-2010,1179.25,81.87,22.05,0.2,217.29
03-05-2010,1182.4,82.27,20.19,0.2,217.29
04-05-2010,1171.65,83.3,23.84,0.21,217.29
05-05-2010,1175.2,84.08,24.91,0.21,217.29
06-05-2010,1208.75,84.89,32.8,0.2,217.29
07-05-2010,1208.3,84.45,40.95,0.2,217.29
08-05-2010,1208.3,84.45,40.95,0.2,217.29
09-05-2010,1208.3,84.45,40.95,0.2,217.29
10-05-2010,1202.4,84.16,28.84,0.2,217.29
11-05-2010,1232.55,84.47,28.32,0.2,217.29
12-05-2010,1237.35,84.83,25.52,0.2,217.29
13-05-2010,1232.33,85.21,26.68,0.2,217.29
14-05-2010,1233.05,86.09,31.24,0.2,217.29
15-05-2010,1233.05,86.09,31.24,0.2,217.29
16-05-2010,1233.05,86.09,31.24,0.2,217.29
17-05-2010,1223.75,86.2,30.84,0.21,217.29
18-05-2010,1221.7,87.16,33.55,0.21,217.29
19-05-2010,1191.75,86.39,35.32,0.2,217.29
20-05-2010,1183.1,85.56,45.79,0.2,217.29
21-05-2010,1177.15,85.37,40.1,0.2,217.29
22-05-2010,1177.15,85.37,40.1,0.2,217.29
23-05-2010,1177.15,85.37,40.1,0.2,217.29
24-05-2010,1192.05,86.21,38.32,0.21,217.29
25-05-2010,1201.1,86.78,34.61,0.21,217.29
26-05-2010,1210.9,87.12,35.02,0.2,217.29
27-05-2010,1212.1,86.19,29.68,0.2,217.29
28-05-2010,1214.81,86.48,32.07,0.19,217.29
29-05-2010,1214.81,86.48,32.07,0.19,217.29
30-05-2010,1214.81,86.48,32.07,0.19,217.29
31-05-2010,1216.21,86.59,32.07,0.19,217.29
01-06-2010,1225.3,86.64,35.54,0.2,217.199
02-06-2010,1223.85,86.79,30.17,0.2,217.199
03-06-2010,1208.05,87.14,29.46,0.19,217.199
04-06-2010,1220,88.23,35.48,0.19,217.199
05-06-2010,1220,88.23,35.48,0.19,217.199
06-06-2010,1220,88.23,35.48,0.19,217.199
07-06-2010,1240.05,88.41,36.57,0.19,217.199
08-06-2010,1235.63,88.39,33.7,0.19,217.199
09-06-2010,1232.35,87.9,33.73,0.18,217.199
10-06-2010,1217.8,87.17,30.57,0.18,217.199
11-06-2010,1227.4,87.51,28.79,0.18,217.199
12-06-2010,1227.4,87.51,28.79,0.18,217.199
13-06-2010,1227.4,87.51,28.79,0.18,217.199
14-06-2010,1222.15,86.51,28.58,0.18,217.199
15-06-2010,1234.45,85.98,25.87,0.19,217.199
16-06-2010,1231.6,86.08,25.92,0.19,217.199
17-06-2010,1245.35,85.69,25.05,0.19,217.199
18-06-2010,1257.35,85.7,23.95,0.18,217.199
19-06-2010,1257.35,85.7,23.95,0.18,217.199
20-06-2010,1257.35,85.7,23.95,0.18,217.199
21-06-2010,1232.15,85.93,24.88,0.17,217.199
22-06-2010,1239.5,86.11,27.05,0.18,217.199
23-06-2010,1237.2,85.74,26.91,0.17,217.199
24-06-2010,1244.55,85.73,29.74,0.16,217.199
25-06-2010,1255.5,85.31,28.53,0.16,217.199
26-06-2010,1255.5,85.31,28.53,0.16,217.199
27-06-2010,1255.5,85.31,28.53,0.16,217.199
28-06-2010,1238.05,85.65,29,0.17,217.199
29-06-2010,1240.95,86.03,34.13,0.15,217.199
30-06-2010,1242.35,86.02,34.54,0.09,217.199
01-07-2010,1199.65,84.72,32.86,0.17,217.605
02-07-2010,1211.6,84.43,30.12,0.18,217.605
03-07-2010,1211.6,84.43,30.12,0.18,217.605
04-07-2010,1211.6,84.43,30.12,0.18,217.605
05-07-2010,1208.95,84.61,30.12,0.18,217.605
06-07-2010,1194.25,84.08,29.65,0.18,217.605
07-07-2010,1202.35,83.82,26.84,0.18,217.605
08-07-2010,1198.45,83.82,25.71,0.17,217.605
09-07-2010,1212,83.95,24.98,0.18,217.605
10-07-2010,1212,83.95,24.98,0.18,217.605
11-07-2010,1212,83.95,24.98,0.18,217.605
12-07-2010,1196.85,84.2,24.43,0.17,217.605
13-07-2010,1211.65,83.64,24.56,0.17,217.605
14-07-2010,1208.5,83.43,24.89,0.17,217.605
15-07-2010,1208.55,82.56,25.14,0.19,217.605
16-07-2010,1193.65,82.49,26.25,0.19,217.605
17-07-2010,1193.65,82.49,26.25,0.19,217.605
18-07-2010,1193.65,82.49,26.25,0.19,217.605
19-07-2010,1183.7,82.51,25.97,0.19,217.605
20-07-2010,1192.3,82.75,23.93,0.18,217.605
21-07-2010,1186,83.39,25.64,0.18,217.605
22-07-2010,1194.95,82.59,24.63,0.18,217.605
23-07-2010,1189.1,82.46,23.47,0.19,217.605
24-07-2010,1189.1,82.46,23.47,0.19,217.605
25-07-2010,1189.1,82.46,23.47,0.19,217.605
26-07-2010,1182.5,82.09,22.73,0.19,217.605
27-07-2010,1162.3,82.19,23.19,0.19,217.605
28-07-2010,1163.55,82.18,24.25,0.2,217.605
29-07-2010,1166.93,81.64,24.13,0.19,217.605
30-07-2010,1180.9,81.54,23.5,0.18,217.605
31-07-2010,1180.9,81.54,23.5,0.18,217.605
01-08-2010,1180.9,81.54,23.5,0.18,217.923
02-08-2010,1181.85,80.94,22.01,0.19,217.923
03-08-2010,1185.7,80.6,22.63,0.19,217.923
04-08-2010,1195.75,80.89,22.21,0.19,217.923
05-08-2010,1195.1,80.83,22.1,0.19,217.923
06-08-2010,1205.3,80.41,21.74,0.18,217.923
07-08-2010,1205.3,80.41,21.74,0.18,217.923
08-08-2010,1205.3,80.41,21.74,0.18,217.923
09-08-2010,1201.4,80.71,22.14,0.18,217.923
10-08-2010,1203.85,80.8,22.37,0.18,217.923
11-08-2010,1197.75,82.29,25.39,0.17,217.923
12-08-2010,1213.2,82.64,25.73,0.18,217.923
13-08-2010,1215.55,82.95,26.24,0.19,217.923
14-08-2010,1215.55,82.95,26.24,0.19,217.923
15-08-2010,1215.55,82.95,26.24,0.19,217.923
16-08-2010,1224.85,82.53,26.1,0.2,217.923
17-08-2010,1224.9,82.23,24.33,0.2,217.923
18-08-2010,1229.55,82.22,24.59,0.19,217.923
19-08-2010,1232.1,82.45,26.44,0.19,217.923
20-08-2010,1228.05,83.06,25.49,0.2,217.923
21-08-2010,1228.05,83.06,25.49,0.2,217.923
22-08-2010,1228.05,83.06,25.49,0.2,217.923
23-08-2010,1225.4,83.12,25.66,0.19,217.923
24-08-2010,1229.75,83.15,27.46,0.19,217.923
25-08-2010,1240.1,83.26,26.7,0.19,217.923
26-08-2010,1236.05,82.93,27.37,0.19,217.923
27-08-2010,1238.2,82.92,24.45,0.19,217.923
28-08-2010,1238.2,82.92,24.45,0.19,217.923
29-08-2010,1238.2,82.92,24.45,0.19,217.923
30-08-2010,1236.8,83.16,27.21,0.19,217.923
31-08-2010,1247.65,83.2,26.05,0.21,217.923
01-09-2010,1244.35,82.52,23.89,0.19,218.275
02-09-2010,1251.25,82.46,23.19,0.19,218.275
03-09-2010,1247.1,82.1,21.31,0.19,218.275
04-09-2010,1247.1,82.1,21.31,0.19,218.275
05-09-2010,1247.1,82.1,21.31,0.19,218.275
06-09-2010,1250.05,82.04,21.31,0.19,218.275
07-09-2010,1255.4,82.82,23.8,0.2,218.275
08-09-2010,1255.2,82.58,23.25,0.19,218.275
09-09-2010,1244.1,82.67,22.81,0.18,218.275
10-09-2010,1246.45,82.7,21.99,0.18,218.275
11-09-2010,1246.45,82.7,21.99,0.18,218.275
12-09-2010,1246.45,82.7,21.99,0.18,218.275
13-09-2010,1245.45,81.91,21.21,0.18,218.275
14-09-2010,1268.85,81.08,21.56,0.19,218.275
15-09-2010,1268.05,81.49,22.1,0.21,218.275
16-09-2010,1275.55,81.24,21.72,0.21,218.275
17-09-2010,1274.9,81.4,22.01,0.21,218.275
18-09-2010,1274.9,81.4,22.01,0.21,218.275
19-09-2010,1274.9,81.4,22.01,0.21,218.275
20-09-2010,1278.35,81.33,21.5,0.21,218.275
21-09-2010,1286.95,80.44,22.35,0.2,218.275
22-09-2010,1291.35,79.83,22.51,0.21,218.275
23-09-2010,1292.55,80.01,23.87,0.2,218.275
24-09-2010,1296.95,79.39,21.71,0.21,218.275
25-09-2010,1296.95,79.39,21.71,0.21,218.275
26-09-2010,1296.95,79.39,21.71,0.21,218.275
27-09-2010,1295,79.34,22.54,0.19,218.275
28-09-2010,1309.1,79.01,22.6,0.19,218.275
29-09-2010,1309.9,78.69,23.25,0.19,218.275
30-09-2010,1309.5,78.72,23.7,0.15,218.275
01-10-2010,1318.8,78.09,22.5,0.2,219.035
02-10-2010,1318.8,78.09,22.5,0.2,219.035
03-10-2010,1318.8,78.09,22.5,0.2,219.035
04-10-2010,1315.25,78.45,23.53,0.2,219.035
05-10-2010,1340.75,77.75,21.76,0.2,219.035
06-10-2010,1349.4,77.39,21.49,0.19,219.035
07-10-2010,1333.7,77.39,21.56,0.18,219.035
08-10-2010,1346.8,77.33,20.71,0.18,219.035
09-10-2010,1346.8,77.33,20.71,0.18,219.035
10-10-2010,1346.8,77.33,20.71,0.18,219.035
11-10-2010,1353.95,77.44,18.96,0.18,219.035
12-10-2010,1350.6,77.36,18.93,0.18,219.035
13-10-2010,1372.1,77.07,19.07,0.18,219.035
14-10-2010,1381.3,76.65,19.88,0.19,219.035
15-10-2010,1369.15,77.04,19.03,0.2,219.035
16-10-2010,1369.15,77.04,19.03,0.2,219.035
17-10-2010,1369.15,77.04,19.03,0.2,219.035
18-10-2010,1369.8,76.93,19.09,0.19,219.035
19-10-2010,1335.45,78.18,20.63,0.19,219.035
20-10-2010,1346.35,77.17,19.79,0.19,219.035
21-10-2010,1325.5,77.42,19.27,0.19,219.035
22-10-2010,1328.2,77.47,18.78,0.19,219.035
23-10-2010,1328.2,77.47,18.78,0.19,219.035
24-10-2010,1328.2,77.47,18.78,0.19,219.035
25-10-2010,1340.45,77.1,19.85,0.19,219.035
26-10-2010,1339.9,77.71,20.22,0.19,219.035
27-10-2010,1325.3,78.15,20.71,0.19,219.035
28-10-2010,1344.35,77.31,20.88,0.19,219.035
29-10-2010,1359.55,77.27,21.2,0.2,219.035
30-10-2010,1359.55,77.27,21.2,0.2,219.035
31-10-2010,1359.55,77.27,21.2,0.2,219.035
01-11-2010,1351.75,77.3,21.83,0.2,219.59
02-11-2010,1357.5,76.72,21.57,0.2,219.59
03-11-2010,1348.65,76.48,19.56,0.2,219.59
04-11-2010,1392.75,75.88,18.52,0.19,219.59
05-11-2010,1393.9,76.55,18.26,0.18,219.59
06-11-2010,1393.9,76.55,18.26,0.18,219.59
07-11-2010,1393.9,76.55,18.26,0.18,219.59
08-11-2010,1409.45,77.03,18.29,0.18,219.59
09-11-2010,1390.95,77.44,19.08,0.17,219.59
10-11-2010,1403.75,77.63,18.47,0.17,219.59
11-11-2010,1409.35,78.22,18.64,0.17,219.59
12-11-2010,1368.95,78.08,20.61,0.19,219.59
13-11-2010,1368.95,78.08,20.61,0.19,219.59
14-11-2010,1368.95,78.08,20.61,0.19,219.59
15-11-2010,1359.49,78.52,20.2,0.21,219.59
16-11-2010,1340.85,79.21,22.58,0.21,219.59
17-11-2010,1337.25,79.08,21.76,0.2,219.59
18-11-2010,1353.85,78.62,18.75,0.2,219.59
19-11-2010,1353.5,78.5,18.04,0.21,219.59
20-11-2010,1353.5,78.5,18.04,0.21,219.59
21-11-2010,1353.5,78.5,18.04,0.21,219.59
22-11-2010,1366.35,78.68,18.37,0.19,219.59
23-11-2010,1377.2,79.68,20.63,0.2,219.59
24-11-2010,1374.9,79.87,19.56,0.2,219.59
25-11-2010,1374.62,79.87,19.56,0.2,219.59
26-11-2010,1364.42,80.36,22.22,0.2,219.59
27-11-2010,1364.42,80.36,22.22,0.2,219.59
28-11-2010,1364.42,80.36,22.22,0.2,219.59
29-11-2010,1368.37,80.83,21.53,0.2,219.59
30-11-2010,1384.85,81.19,23.54,0.2,219.59
01-12-2010,1387.1,80.71,21.36,0.2,220.472
02-12-2010,1384.65,80.3,19.39,0.19,220.472
03-12-2010,1415.05,79.38,18.01,0.18,220.472
04-12-2010,1415.05,79.38,18.01,0.18,220.472
05-12-2010,1415.05,79.38,18.01,0.18,220.472
06-12-2010,1423.55,79.57,18.02,0.18,220.472
07-12-2010,1401.89,79.86,17.99,0.17,220.472
08-12-2010,1382.1,80,17.74,0.17,220.472
09-12-2010,1387.64,80.07,17.25,0.16,220.472
10-12-2010,1386.05,80.07,17.61,0.16,220.472
11-12-2010,1386.05,80.07,17.61,0.16,220.472
12-12-2010,1386.05,80.07,17.61,0.16,220.472
13-12-2010,1393.76,79.28,17.55,0.17,220.472
14-12-2010,1396.25,79.37,17.61,0.19,220.472
15-12-2010,1379.8,80.26,17.94,0.2,220.472
16-12-2010,1369.7,80.18,17.39,0.2,220.472
17-12-2010,1375.41,80.37,16.11,0.2,220.472
18-12-2010,1375.41,80.37,16.11,0.2,220.472
19-12-2010,1375.41,80.37,16.11,0.2,220.472
20-12-2010,1384.65,80.63,16.41,0.21,220.472
21-12-2010,1385.74,80.72,16.49,0.2,220.472
22-12-2010,1385,80.73,15.45,0.19,220.472
23-12-2010,1380.35,80.5,16.47,0.19,220.472
24-12-2010,1384.75,80.5,16.47,0.19,220.472
25-12-2010,1384.75,80.5,16.47,0.19,220.472
26-12-2010,1384.75,80.5,16.47,0.19,220.472
27-12-2010,1384.1,80.37,17.67,0.19,220.472
28-12-2010,1406.39,80.36,17.52,0.18,220.472
29-12-2010,1410.95,79.8,17.28,0.18,220.472
30-12-2010,1404.45,79.52,17.52,0.19,220.472
31-12-2010,1421.45,79.03,17.75,0.13,220.472
01-01-2011,1421.45,79.03,17.75,0.13,221.187
02-01-2011,1421.45,79.03,17.75,0.13,221.187
03-01-2011,1414.3,79.13,17.61,0.19,221.187
04-01-2011,1380.6,79.44,17.38,0.18,221.187
05-01-2011,1377.48,80.26,17.02,0.18,221.187
06-01-2011,1371.4,80.79,17.4,0.17,221.187
07-01-2011,1369.6,81.01,17.14,0.17,221.187
08-01-2011,1369.6,81.01,17.14,0.17,221.187
09-01-2011,1369.6,81.01,17.14,0.17,221.187
10-01-2011,1375.05,80.88,17.54,0.17,221.187
11-01-2011,1382.45,80.85,16.89,0.17,221.187
12-01-2011,1386.5,80.03,16.24,0.16,221.187
13-01-2011,1374.36,79.19,16.39,0.16,221.187
14-01-2011,1361.85,79.16,15.46,0.16,221.187
15-01-2011,1361.85,79.16,15.46,0.16,221.187
16-01-2011,1361.85,79.16,15.46,0.16,221.187
17-01-2011,1362.78,79.34,15.46,0.16,221.187
18-01-2011,1367.76,78.96,15.87,0.19,221.187
19-01-2011,1370.2,78.64,17.31,0.18,221.187
20-01-2011,1345.85,78.82,17.99,0.18,221.187
21-01-2011,1342.51,78.21,18.47,0.17,221.187
22-01-2011,1342.51,78.21,18.47,0.17,221.187
23-01-2011,1342.51,78.21,18.47,0.17,221.187
24-01-2011,1334.7,78.05,17.65,0.18,221.187
25-01-2011,1333.75,78,17.59,0.17,221.187
26-01-2011,1345.89,77.9,16.64,0.17,221.187
27-01-2011,1311.49,77.73,16.15,0.17,221.187
28-01-2011,1335.35,78.13,20.04,0.17,221.187
29-01-2011,1335.35,78.13,20.04,0.17,221.187
30-01-2011,1335.35,78.13,20.04,0.17,221.187
31-01-2011,1332.19,77.73,19.53,0.17,221.187
01-02-2011,1340.6,77.07,17.63,0.18,221.898
02-02-2011,1336.8,77.16,17.3,0.18,221.898
03-02-2011,1353.2,77.75,16.69,0.17,221.898
04-02-2011,1349.25,78.04,15.93,0.17,221.898
05-02-2011,1349.25,78.04,15.93,0.17,221.898
06-02-2011,1349.25,78.04,15.93,0.17,221.898
07-02-2011,1349.1,78.03,16.28,0.17,221.898
08-02-2011,1364,78,15.81,0.16,221.898
09-02-2011,1362.95,77.64,15.87,0.15,221.898
10-02-2011,1362.01,78.25,16.09,0.15,221.898
11-02-2011,1356.1,78.46,15.69,0.15,221.898
12-02-2011,1356.1,78.46,15.69,0.15,221.898
13-02-2011,1356.1,78.46,15.69,0.15,221.898
14-02-2011,1362.31,78.61,15.95,0.15,221.898
15-02-2011,1373.4,78.57,16.37,0.16,221.898
16-02-2011,1375.11,78.22,16.72,0.15,221.898
17-02-2011,1383.67,78,16.59,0.15,221.898
18-02-2011,1387.3,77.66,16.43,0.15,221.898
19-02-2011,1387.3,77.66,16.43,0.15,221.898
20-02-2011,1387.3,77.66,16.43,0.15,221.898
21-02-2011,1406.45,77.69,16.43,0.15,221.898
22-02-2011,1398.15,77.77,20.8,0.15,221.898
23-02-2011,1410.45,77.41,22.13,0.15,221.898
24-02-2011,1400.25,77.06,21.32,0.15,221.898
25-02-2011,1409.25,77.28,19.22,0.15,221.898
26-02-2011,1409.25,77.28,19.22,0.15,221.898
27-02-2011,1409.25,77.28,19.22,0.15,221.898
28-02-2011,1411.65,76.89,18.35,0.16,221.898
01-03-2011,1433.85,77.05,21.01,0.15,223.046
02-03-2011,1434.95,76.67,20.7,0.16,223.046
03-03-2011,1416.4,76.48,18.6,0.15,223.046
04-03-2011,1429.3,76.4,19.06,0.15,223.046
05-03-2011,1429.3,76.4,19.06,0.15,223.046
06-03-2011,1429.3,76.4,19.06,0.15,223.046
07-03-2011,1433.17,76.5,20.66,0.14,223.046
08-03-2011,1428.89,76.8,19.82,0.14,223.046
09-03-2011,1429.5,76.72,20.22,0.14,223.046
10-03-2011,1413.45,77.28,21.88,0.14,223.046
11-03-2011,1417.4,76.78,20.08,0.13,223.046
12-03-2011,1417.4,76.78,20.08,0.13,223.046
13-03-2011,1417.4,76.78,20.08,0.13,223.046
14-03-2011,1428.65,76.35,21.13,0.14,223.046
15-03-2011,1395.95,76.33,24.32,0.14,223.046
16-03-2011,1401.3,76.68,29.4,0.14,223.046
17-03-2011,1404.4,76.04,26.37,0.14,223.046
18-03-2011,1419.55,75.72,24.44,0.15,223.046
19-03-2011,1419.55,75.72,24.44,0.15,223.046
20-03-2011,1419.55,75.72,24.44,0.15,223.046
21-03-2011,1427.05,75.4,20.61,0.14,223.046
22-03-2011,1428.55,75.41,20.21,0.14,223.046
23-03-2011,1438.2,75.79,19.17,0.14,223.046
24-03-2011,1431.1,75.66,18,0.13,223.046
25-03-2011,1429.65,76.22,17.91,0.13,223.046
26-03-2011,1429.65,76.22,17.91,0.13,223.046
27-03-2011,1429.65,76.22,17.91,0.13,223.046
28-03-2011,1420.65,76.13,19.44,0.13,223.046
29-03-2011,1418.8,76.25,18.16,0.13,223.046
30-03-2011,1423.88,76.12,17.71,0.13,223.046
31-03-2011,1432,75.86,17.74,0.1,223.046
01-04-2011,1428.38,75.83,17.4,0.11,224.093
02-04-2011,1428.38,75.83,17.4,0.11,224.093
03-04-2011,1428.38,75.83,17.4,0.11,224.093
04-04-2011,1436.94,75.91,17.5,0.09,224.093
05-04-2011,1451.1,75.88,17.25,0.09,224.093
06-04-2011,1457.5,75.51,16.9,0.1,224.093
07-04-2011,1458.5,75.58,17.11,0.1,224.093
08-04-2011,1475.1,75.07,17.87,0.09,224.093
09-04-2011,1475.1,75.07,17.87,0.09,224.093
10-04-2011,1475.1,75.07,17.87,0.09,224.093
11-04-2011,1463.4,75.06,16.59,0.09,224.093
12-04-2011,1453.6,74.85,17.09,0.08,224.093
13-04-2011,1457.75,74.98,16.92,0.08,224.093
14-04-2011,1474.9,74.69,16.27,0.09,224.093
15-04-2011,1486.5,74.83,15.32,0.12,224.093
16-04-2011,1486.5,74.83,15.32,0.12,224.093
17-04-2011,1486.5,74.83,15.32,0.12,224.093
18-04-2011,1495.51,75.5,16.96,0.1,224.093
19-04-2011,1495.1,75.03,15.83,0.11,224.093
20-04-2011,1502.35,74.37,15.07,0.1,224.093
21-04-2011,1504.35,74,14.69,0.1,224.093
22-04-2011,1508.13,74,14.69,0.1,224.093
23-04-2011,1508.13,74,14.69,0.1,224.093
24-04-2011,1508.13,74,14.69,0.1,224.093
25-04-2011,1507.25,73.99,15.77,0.1,224.093
26-04-2011,1507.05,73.84,15.62,0.09,224.093
27-04-2011,1526.9,73.52,15.35,0.09,224.093
28-04-2011,1535.45,73.12,14.62,0.09,224.093
29-04-2011,1565.6,72.93,14.75,0.09,224.093
30-04-2011,1565.6,72.93,14.75,0.09,224.093
01-05-2011,1565.6,72.93,14.75,0.09,224.806
02-05-2011,1545,72.95,15.99,0.09,224.806
03-05-2011,1536.83,73.14,16.7,0.09,224.806
04-05-2011,1515.95,73.03,17.08,0.09,224.806
05-05-2011,1473.65,74.19,18.2,0.09,224.806
06-05-2011,1495.25,74.84,18.4,0.09,224.806
07-05-2011,1495.25,74.84,18.4,0.09,224.806
08-05-2011,1495.25,74.84,18.4,0.09,224.806
09-05-2011,1513.05,74.74,17.16,0.09,224.806
10-05-2011,1515.72,74.61,15.91,0.09,224.806
11-05-2011,1500.25,75.33,16.95,0.09,224.806
12-05-2011,1502.85,75.24,16.03,0.09,224.806
13-05-2011,1494.55,75.76,17.07,0.09,224.806
14-05-2011,1494.55,75.76,17.07,0.09,224.806
15-05-2011,1494.55,75.76,17.07,0.09,224.806
16-05-2011,1489.7,75.47,18.24,0.1,224.806
17-05-2011,1486.85,75.4,17.55,0.09,224.806
18-05-2011,1497,75.47,16.23,0.1,224.806
19-05-2011,1493.6,75.12,15.52,0.09,224.806
20-05-2011,1513.55,75.44,17.43,0.1,224.806
21-05-2011,1513.55,75.44,17.43,0.1,224.806
22-05-2011,1513.55,75.44,17.43,0.1,224.806
23-05-2011,1517.2,76.1,18.27,0.1,224.806
24-05-2011,1526.4,75.88,17.82,0.1,224.806
25-05-2011,1525.95,75.93,17.07,0.09,224.806
26-05-2011,1519.05,75.55,16.09,0.09,224.806
27-05-2011,1536.65,74.95,15.98,0.1,224.806
28-05-2011,1536.65,74.95,15.98,0.1,224.806
29-05-2011,1536.65,74.95,15.98,0.1,224.806
30-05-2011,1538.45,74.96,15.98,0.1,224.806
31-05-2011,1535.35,74.64,15.45,0.1,224.806
01-06-2011,1540.7,74.68,18.3,0.1,224.806
02-06-2011,1533.9,74.33,18.09,0.1,224.806
03-06-2011,1542.5,73.78,17.95,0.11,224.806
04-06-2011,1542.5,73.78,17.95,0.11,224.806
05-06-2011,1542.5,73.78,17.95,0.11,224.806
06-06-2011,1544,73.95,18.49,0.1,224.806
07-06-2011,1544.25,73.52,18.07,0.09,224.806
08-06-2011,1537.55,73.93,18.79,0.09,224.806
09-06-2011,1544.35,74.19,17.77,0.09,224.806
10-06-2011,1531.9,74.8,18.86,0.09,224.806
11-06-2011,1531.9,74.8,18.86,0.09,224.806
12-06-2011,1531.9,74.8,18.86,0.09,224.806
13-06-2011,1515.23,74.51,19.61,0.1,224.806
14-06-2011,1524.1,74.33,18.26,0.1,224.806
15-06-2011,1530.7,75.6,21.32,0.1,224.806
16-06-2011,1528.85,75.75,22.73,0.1,224.806
17-06-2011,1539.5,74.99,21.85,0.1,224.806
18-06-2011,1539.5,74.99,21.85,0.1,224.806
19-06-2011,1539.5,74.99,21.85,0.1,224.806
20-06-2011,1540.45,75.03,19.99,0.09,224.806
21-06-2011,1546.2,74.54,18.86,0.09,224.806
22-06-2011,1547.8,74.78,18.52,0.09,224.806
23-06-2011,1520.85,75.45,19.29,0.08,224.806
24-06-2011,1502.15,75.67,21.1,0.08,224.806
25-06-2011,1502.15,75.67,21.1,0.08,224.806
26-06-2011,1502.15,75.67,21.1,0.08,224.806
27-06-2011,1497,75.39,20.56,0.08,224.806
28-06-2011,1501,75.06,19.17,0.08,224.806
29-06-2011,1512.05,74.69,17.27,0.07,224.806
30-06-2011,1500.1,74.3,16.52,0.07,224.806
01-07-2011,1486.5,74.35,15.87,0.08,225.395
02-07-2011,1486.5,74.35,15.87,0.08,225.395
03-07-2011,1486.5,74.35,15.87,0.08,225.395
04-07-2011,1495.95,74.28,15.87,0.08,225.395
05-07-2011,1516.3,74.69,16.06,0.08,225.395
06-07-2011,1529.5,75.12,16.34,0.07,225.395
07-07-2011,1532.55,74.96,15.95,0.07,225.395
08-07-2011,1544.25,75.18,15.95,0.07,225.395
09-07-2011,1544.25,75.18,15.95,0.07,225.395
10-07-2011,1544.25,75.18,15.95,0.07,225.395
11-07-2011,1554.1,75.99,18.39,0.07,225.395
12-07-2011,1567.2,75.81,19.87,0.06,225.395
13-07-2011,1582.25,75.21,19.91,0.06,225.395
14-07-2011,1587.25,75.25,20.8,0.06,225.395
15-07-2011,1594.1,75.13,19.53,0.06,225.395
16-07-2011,1594.1,75.13,19.53,0.06,225.395
17-07-2011,1594.1,75.13,19.53,0.06,225.395
18-07-2011,1605.4,75.48,20.95,0.06,225.395
19-07-2011,1588.35,75.22,19.21,0.06,225.395
20-07-2011,1602.1,74.79,19.09,0.06,225.395
21-07-2011,1589.9,74.02,17.56,0.06,225.395
22-07-2011,1599.25,74.2,17.52,0.06,225.395
23-07-2011,1599.25,74.2,17.52,0.06,225.395
24-07-2011,1599.25,74.2,17.52,0.06,225.395
25-07-2011,1614.55,74.06,19.35,0.06,225.395
26-07-2011,1619.3,73.47,20.23,0.06,225.395
27-07-2011,1613.5,74.09,22.98,0.07,225.395
28-07-2011,1616.85,74.22,23.74,0.08,225.395
29-07-2011,1626.64,73.9,25.25,0.11,225.395
30-07-2011,1626.64,73.9,25.25,0.11,225.395
31-07-2011,1626.64,73.9,25.25,0.11,225.395
01-08-2011,1620.1,74.26,23.66,0.17,226.106
02-08-2011,1659.75,74.51,24.79,0.16,226.106
03-08-2011,1661.2,74.04,23.38,0.12,226.106
04-08-2011,1648.4,75.12,31.66,0.09,226.106
05-08-2011,1665,74.6,32,0.08,226.106
06-08-2011,1665,74.6,32,0.08,226.106
07-08-2011,1665,74.6,32,0.08,226.106
08-08-2011,1717.35,74.79,48,0.11,226.106
09-08-2011,1743.9,74.61,35.06,0.1,226.106
10-08-2011,1795,74.64,42.99,0.1,226.106
11-08-2011,1767.9,74.68,39,0.09,226.106
12-08-2011,1746.6,74.61,36.36,0.1,226.106
13-08-2011,1746.6,74.61,36.36,0.1,226.106
14-08-2011,1746.6,74.61,36.36,0.1,226.106
15-08-2011,1765.5,73.84,31.87,0.1,226.106
16-08-2011,1786.3,74.01,32.85,0.09,226.106
17-08-2011,1788.65,73.67,31.58,0.09,226.106
18-08-2011,1824.35,74.24,42.67,0.09,226.106
19-08-2011,1852.45,74.01,43.05,0.09,226.106
20-08-2011,1852.45,74.01,43.05,0.09,226.106
21-08-2011,1852.45,74.01,43.05,0.09,226.106
22-08-2011,1898.1,74.07,42.44,0.09,226.106
23-08-2011,1830.15,73.89,36.27,0.08,226.106
24-08-2011,1751.05,74.01,35.9,0.08,226.106
25-08-2011,1771.6,74.28,39.76,0.08,226.106
26-08-2011,1828.55,73.81,35.59,0.09,226.106
27-08-2011,1828.55,73.81,35.59,0.09,226.106
28-08-2011,1828.55,73.81,35.59,0.09,226.106
29-08-2011,1788.45,73.72,32.28,0.09,226.106
30-08-2011,1835.3,73.95,32.89,0.08,226.106
31-08-2011,1823.8,74.12,31.62,0.08,226.106
01-09-2011,1825.05,74.48,31.82,0.08,226.597
02-09-2011,1884.2,74.76,33.92,0.08,226.597
03-09-2011,1884.2,74.76,33.92,0.08,226.597
04-09-2011,1884.2,74.76,33.92,0.08,226.597
05-09-2011,1900.49,75.11,33.92,0.08,226.597
06-09-2011,1873.72,75.95,37,0.09,226.597
07-09-2011,1816.96,75.47,33.38,0.09,226.597
08-09-2011,1868.76,76.25,34.32,0.09,226.597
09-09-2011,1857.81,77.19,38.52,0.09,226.597
10-09-2011,1857.81,77.19,38.52,0.09,226.597
11-09-2011,1857.81,77.19,38.52,0.09,226.597
12-09-2011,1813.75,77.58,38.59,0.09,226.597
13-09-2011,1833.8,76.92,36.91,0.09,226.597
14-09-2011,1819.7,76.83,34.6,0.08,226.597
15-09-2011,1789.14,76.24,31.97,0.09,226.597
16-09-2011,1811.95,76.6,30.98,0.09,226.597
17-09-2011,1811.95,76.6,30.98,0.09,226.597
18-09-2011,1811.95,76.6,30.98,0.09,226.597
19-09-2011,1778.75,77.15,32.73,0.09,226.597
20-09-2011,1803.75,77.02,32.86,0.09,226.597
21-09-2011,1781.79,77.34,37.32,0.08,226.597
22-09-2011,1735.83,78.45,41.35,0.08,226.597
23-09-2011,1656.59,78.5,41.25,0.08,226.597
24-09-2011,1656.59,78.5,41.25,0.08,226.597
25-09-2011,1656.59,78.5,41.25,0.08,226.597
26-09-2011,1627.35,78.36,39.02,0.08,226.597
27-09-2011,1649.95,77.51,37.71,0.08,226.597
28-09-2011,1608.8,77.85,41.08,0.08,226.597
29-09-2011,1614.55,78.03,38.84,0.08,226.597
30-09-2011,1623.75,78.55,42.96,0.06,226.597
01-10-2011,1623.75,78.55,42.96,0.06,226.75
02-10-2011,1623.75,78.55,42.96,0.06,226.75
03-10-2011,1660.95,79.43,45.45,0.08,226.75
04-10-2011,1624.3,79.6,40.82,0.07,226.75
05-10-2011,1640.9,78.92,37.81,0.07,226.75
06-10-2011,1650.63,78.63,36.27,0.07,226.75
07-10-2011,1639.45,78.73,36.2,0.07,226.75
08-10-2011,1639.45,78.73,36.2,0.07,226.75
09-10-2011,1639.45,78.73,36.2,0.07,226.75
10-10-2011,1675.44,77.49,33.02,0.07,226.75
11-10-2011,1663.1,77.58,32.86,0.07,226.75
12-10-2011,1677.2,76.99,31.26,0.07,226.75
13-10-2011,1666.7,77,30.7,0.07,226.75
14-10-2011,1679.95,76.62,28.24,0.07,226.75
15-10-2011,1679.95,76.62,28.24,0.07,226.75
16-10-2011,1679.95,76.62,28.24,0.07,226.75
17-10-2011,1670.65,77.15,33.39,0.07,226.75
18-10-2011,1655.15,77.14,31.56,0.07,226.75
19-10-2011,1641.8,77.11,34.44,0.07,226.75
20-10-2011,1619.1,76.97,34.78,0.07,226.75
21-10-2011,1641.02,76.39,31.32,0.07,226.75
22-10-2011,1641.02,76.39,31.32,0.07,226.75
23-10-2011,1641.02,76.39,31.32,0.07,226.75
24-10-2011,1652.68,76.03,29.26,0.07,226.75
25-10-2011,1705.35,76.12,32.22,0.07,226.75
26-10-2011,1725.75,76.25,29.86,0.08,226.75
27-10-2011,1744.45,74.88,25.46,0.07,226.75
28-10-2011,1742.95,75.07,24.53,0.07,226.75
29-10-2011,1742.95,75.07,24.53,0.07,226.75
30-10-2011,1742.95,75.07,24.53,0.07,226.75
31-10-2011,1715.25,76.17,29.96,0.09,226.75
01-11-2011,1720.3,77.26,34.77,0.08,227.169
02-11-2011,1737,77.02,32.74,0.08,227.169
03-11-2011,1763.15,76.67,30.5,0.09,227.169
04-11-2011,1754.15,76.96,30.16,0.08,227.169
05-11-2011,1754.15,76.96,30.16,0.08,227.169
06-11-2011,1754.15,76.96,30.16,0.08,227.169
07-11-2011,1795.86,76.96,29.85,0.08,227.169
08-11-2011,1785,76.59,27.48,0.08,227.169
09-11-2011,1772.24,77.93,36.16,0.08,227.169
10-11-2011,1759.2,77.74,32.81,0.08,227.169
11-11-2011,1788.99,76.94,30.04,0.08,227.169
12-11-2011,1788.99,76.94,30.04,0.08,227.169
13-11-2011,1788.99,76.94,30.04,0.08,227.169
14-11-2011,1781,77.57,31.13,0.08,227.169
15-11-2011,1781.4,77.87,31.22,0.09,227.169
16-11-2011,1762.35,78.02,33.51,0.08,227.169
17-11-2011,1719.1,78.28,34.51,0.08,227.169
18-11-2011,1723.05,78.06,32,0.08,227.169
19-11-2011,1723.05,78.06,32,0.08,227.169
20-11-2011,1723.05,78.06,32,0.08,227.169
21-11-2011,1680.85,78.3,32.91,0.08,227.169
22-11-2011,1699.2,78.27,31.97,0.08,227.169
23-11-2011,1693.3,79.14,33.98,0.09,227.169
24-11-2011,1694.75,79.14,33.98,0.09,227.169
25-11-2011,1680.13,79.69,34.47,0.07,227.169
26-11-2011,1680.13,79.69,34.47,0.07,227.169
27-11-2011,1680.13,79.69,34.47,0.07,227.169
28-11-2011,1712.3,79.26,32.13,0.08,227.169
29-11-2011,1716.75,79.01,30.64,0.08,227.169
30-11-2011,1745.7,78.38,27.8,0.1,227.169
01-12-2011,1745.25,78.33,27.41,0.08,227.223
02-12-2011,1745.25,78.62,27.52,0.08,227.223
03-12-2011,1745.25,78.62,27.52,0.08,227.223
04-12-2011,1745.25,78.62,27.52,0.08,227.223
05-12-2011,1721.64,78.57,27.84,0.08,227.223
06-12-2011,1728.2,78.5,28.13,0.08,227.223
07-12-2011,1742.1,78.48,28.67,0.08,227.223
08-12-2011,1708.8,78.83,30.59,0.07,227.223
09-12-2011,1711.1,78.63,26.38,0.07,227.223
10-12-2011,1711.1,78.63,26.38,0.07,227.223
11-12-2011,1711.1,78.63,26.38,0.07,227.223
12-12-2011,1666.3,79.53,25.67,0.07,227.223
13-12-2011,1632.1,80.24,25.41,0.07,227.223
14-12-2011,1575.1,80.59,26.04,0.07,227.223
15-12-2011,1570.7,80.32,25.11,0.07,227.223
16-12-2011,1597.95,80.26,24.29,0.07,227.223
17-12-2011,1597.95,80.26,24.29,0.07,227.223
18-12-2011,1597.95,80.26,24.29,0.07,227.223
19-12-2011,1594.1,80.25,24.92,0.07,227.223
20-12-2011,1615.65,79.88,23.22,0.07,227.223
21-12-2011,1615.15,80.02,21.43,0.07,227.223
22-12-2011,1604.7,79.96,21.16,0.07,227.223
23-12-2011,1606.6,79.93,20.73,0.08,227.223
24-12-2011,1606.6,79.93,20.73,0.08,227.223
25-12-2011,1606.6,79.93,20.73,0.08,227.223
26-12-2011,1605.82,79.93,20.73,0.08,227.223
27-12-2011,1592.9,79.8,21.91,0.07,227.223
28-12-2011,1553,80.5,23.52,0.07,227.223
29-12-2011,1546.7,80.49,22.65,0.07,227.223
30-12-2011,1564.3,80.18,23.4,0.04,227.223
31-12-2011,1564.3,80.18,23.4,0.04,227.223
01-01-2012,1564.3,80.18,23.4,0.04,227.842
02-01-2012,1566.27,80.18,23.4,0.04,227.842
03-01-2012,1604.14,79.61,22.97,0.07,227.842
04-01-2012,1612.4,80.13,22.22,0.07,227.842
05-01-2012,1623,80.94,21.48,0.07,227.842
06-01-2012,1616.85,81.25,20.63,0.07,227.842
07-01-2012,1616.85,81.25,20.63,0.07,227.842
08-01-2012,1616.85,81.25,20.63,0.07,227.842
09-01-2012,1611.5,81.05,21.07,0.08,227.842
10-01-2012,1631.56,80.81,20.69,0.08,227.842
11-01-2012,1641.8,81.35,21.05,0.08,227.842
12-01-2012,1650.1,80.77,20.47,0.08,227.842
13-01-2012,1639.35,81.52,20.91,0.09,227.842
14-01-2012,1639.35,81.52,20.91,0.09,227.842
15-01-2012,1639.35,81.52,20.91,0.09,227.842
16-01-2012,1643.4,81.52,20.91,0.09,227.842
17-01-2012,1651.74,81.18,22.2,0.09,227.842
18-01-2012,1661.25,80.61,20.89,0.09,227.842
19-01-2012,1657.6,80.22,19.87,0.1,227.842
20-01-2012,1666.9,80.22,18.28,0.09,227.842
21-01-2012,1666.9,80.22,18.28,0.09,227.842
22-01-2012,1666.9,80.22,18.28,0.09,227.842
23-01-2012,1677,79.78,18.67,0.09,227.842
24-01-2012,1665.2,79.87,18.91,0.09,227.842
25-01-2012,1711.9,79.58,18.31,0.08,227.842
26-01-2012,1721.5,79.39,18.57,0.08,227.842
27-01-2012,1738.89,78.9,18.53,0.09,227.842
28-01-2012,1738.89,78.9,18.53,0.09,227.842
29-01-2012,1738.89,78.9,18.53,0.09,227.842
30-01-2012,1730.05,79.17,19.4,0.09,227.842
31-01-2012,1739.43,79.29,19.44,0.11,227.842
01-02-2012,1743.6,78.92,18.55,0.11,228.329
02-02-2012,1759.99,78.99,17.98,0.11,228.329
03-02-2012,1725.3,78.92,17.1,0.11,228.329
04-02-2012,1725.3,78.92,17.1,0.11,228.329
05-02-2012,1725.3,78.92,17.1,0.11,228.329
06-02-2012,1720.3,79.07,17.76,0.11,228.329
07-02-2012,1746.5,78.58,17.65,0.11,228.329
08-02-2012,1733.55,78.64,18.16,0.11,228.329
09-02-2012,1729.6,78.57,18.63,0.11,228.329
10-02-2012,1719.85,79.11,20.79,0.12,228.329
11-02-2012,1719.85,79.11,20.79,0.12,228.329
12-02-2012,1719.85,79.11,20.79,0.12,228.329
13-02-2012,1722.5,78.95,19.04,0.12,228.329
14-02-2012,1720.1,79.58,19.54,0.12,228.329
15-02-2012,1729.01,79.67,21.14,0.12,228.329
16-02-2012,1728.7,79.35,19.22,0.11,228.329
17-02-2012,1722.45,79.33,17.78,0.09,228.329
18-02-2012,1722.45,79.33,17.78,0.09,228.329
19-02-2012,1722.45,79.33,17.78,0.09,228.329
20-02-2012,1734,79.33,17.78,0.09,228.329
21-02-2012,1759.15,79.04,18.19,0.1,228.329
22-02-2012,1777.55,79.21,18.19,0.08,228.329
23-02-2012,1780.1,78.82,16.8,0.08,228.329
24-02-2012,1773.49,78.35,17.31,0.09,228.329
25-02-2012,1773.49,78.35,17.31,0.09,228.329
26-02-2012,1773.49,78.35,17.31,0.09,228.329
27-02-2012,1766.3,78.57,18.19,0.1,228.329
28-02-2012,1785.85,78.27,17.96,0.1,228.329
29-02-2012,1695.2,78.74,18.43,0.1,228.329
01-03-2012,1716.55,78.79,17.26,0.11,228.807
02-03-2012,1712.3,79.4,17.29,0.11,228.807
03-03-2012,1712.3,79.4,17.29,0.11,228.807
04-03-2012,1712.3,79.4,17.29,0.11,228.807
05-03-2012,1706.7,79.3,18.05,0.11,228.807
06-03-2012,1674,79.87,20.87,0.11,228.807
07-03-2012,1684.95,79.71,19.07,0.11,228.807
08-03-2012,1700.65,79.14,17.95,0.11,228.807
09-03-2012,1713.09,80.04,17.11,0.12,228.807
10-03-2012,1713.09,80.04,17.11,0.12,228.807
11-03-2012,1713.09,80.04,17.11,0.12,228.807
12-03-2012,1700.53,79.89,15.64,0.12,228.807
13-03-2012,1675.5,80.19,14.8,0.12,228.807
14-03-2012,1643.6,80.56,15.31,0.13,228.807
15-03-2012,1658.23,80.15,15.42,0.14,228.807
16-03-2012,1660.65,79.79,14.47,0.15,228.807
17-03-2012,1660.65,79.79,14.47,0.15,228.807
18-03-2012,1660.65,79.79,14.47,0.15,228.807
19-03-2012,1664.55,79.79,15.04,0.15,228.807
20-03-2012,1650.35,79.59,15.58,0.15,228.807
21-03-2012,1650.5,79.66,15.13,0.15,228.807
22-03-2012,1644.85,79.74,15.57,0.14,228.807
23-03-2012,1662.26,79.34,14.82,0.14,228.807
24-03-2012,1662.26,79.34,14.82,0.14,228.807
25-03-2012,1662.26,79.34,14.82,0.14,228.807
26-03-2012,1689.98,78.98,14.26,0.14,228.807
27-03-2012,1680.05,79.05,15.59,0.14,228.807
28-03-2012,1662.18,79.13,15.47,0.13,228.807
29-03-2012,1661.38,79.19,15.48,0.13,228.807
30-03-2012,1668.9,79,15.5,0.09,228.807
31-03-2012,1668.9,79,15.5,0.09,228.807
01-04-2012,1668.9,79,15.5,0.09,229.187
02-04-2012,1677.75,78.82,15.64,0.15,229.187
03-04-2012,1645.33,79.48,15.66,0.15,229.187
04-04-2012,1620.23,79.78,16.44,0.15,229.187
05-04-2012,1631.25,80.08,16.7,0.15,229.187
06-04-2012,1639.49,79.89,16.7,0.12,229.187
07-04-2012,1639.49,79.89,16.7,0.12,229.187
08-04-2012,1639.49,79.89,16.7,0.12,229.187
09-04-2012,1641.28,79.73,18.81,0.16,229.187
10-04-2012,1660.35,79.89,20.39,0.15,229.187
11-04-2012,1657.95,79.8,20.02,0.16,229.187
12-04-2012,1675.48,79.28,17.2,0.15,229.187
13-04-2012,1659,79.89,19.55,0.15,229.187
14-04-2012,1659,79.89,19.55,0.15,229.187
15-04-2012,1659,79.89,19.55,0.15,229.187
16-04-2012,1652.1,79.56,19.55,0.15,229.187
17-04-2012,1649.9,79.48,18.46,0.16,229.187
18-04-2012,1642.07,79.54,18.64,0.15,229.187
19-04-2012,1643.6,79.56,18.36,0.13,229.187
20-04-2012,1642.7,79.19,17.44,0.12,229.187
21-04-2012,1642.7,79.19,17.44,0.12,229.187
22-04-2012,1642.7,79.19,17.44,0.12,229.187
23-04-2012,1638.7,79.42,18.97,0.13,229.187
24-04-2012,1641,79.22,18.1,0.14,229.187
25-04-2012,1644.7,79.01,16.82,0.15,229.187
26-04-2012,1656.9,78.92,16.24,0.14,229.187
27-04-2012,1662.05,78.71,16.32,0.13,229.187
28-04-2012,1662.05,78.71,16.32,0.13,229.187
29-04-2012,1662.05,78.71,16.32,0.13,229.187
30-04-2012,1664.36,78.78,17.15,0.16,229.187
01-05-2012,1662.1,78.86,16.6,0.16,228.713
02-05-2012,1653.5,79.13,16.88,0.15,228.713
03-05-2012,1635.76,79.22,17.56,0.15,228.713
04-05-2012,1642.83,79.5,19.16,0.16,228.713
05-05-2012,1642.83,79.5,19.16,0.16,228.713
06-05-2012,1642.83,79.5,19.16,0.16,228.713
07-05-2012,1639.15,79.6,18.94,0.16,228.713
08-05-2012,1605,79.74,19.05,0.16,228.713
09-05-2012,1589.34,80.08,20.08,0.15,228.713
10-05-2012,1593.66,80.11,18.83,0.15,228.713
11-05-2012,1580.05,80.26,19.89,0.15,228.713
12-05-2012,1580.05,80.26,19.89,0.15,228.713
13-05-2012,1580.05,80.26,19.89,0.15,228.713
14-05-2012,1556.85,80.61,21.87,0.16,228.713
15-05-2012,1544.45,81.22,21.97,0.16,228.713
16-05-2012,1540.05,81.37,22.27,0.16,228.713
17-05-2012,1574,81.38,24.49,0.16,228.713
18-05-2012,1593.09,81.29,25.1,0.16,228.713
19-05-2012,1593.09,81.29,25.1,0.16,228.713
20-05-2012,1593.09,81.29,25.1,0.16,228.713
21-05-2012,1592.65,81.08,22.01,0.16,228.713
22-05-2012,1568.95,81.49,22.48,0.16,228.713
23-05-2012,1562,82.09,22.33,0.15,228.713
24-05-2012,1559,82.35,21.54,0.15,228.713
25-05-2012,1573.45,82.4,21.76,0.15,228.713
26-05-2012,1573.45,82.4,21.76,0.15,228.713
27-05-2012,1573.45,82.4,21.76,0.15,228.713
28-05-2012,1573.33,82.4,21.76,0.15,228.713
29-05-2012,1555.75,82.48,21.03,0.16,228.713
30-05-2012,1562.45,83.02,24.14,0.16,228.713
31-05-2012,1560.7,83.04,24.06,0.16,228.713
01-06-2012,1626.25,82.89,26.66,0.16,228.524
02-06-2012,1626.25,82.89,26.66,0.16,228.524
03-06-2012,1626.25,82.89,26.66,0.16,228.524
04-06-2012,1618.4,82.56,26.12,0.17,228.524
05-06-2012,1617.1,82.83,24.68,0.17,228.524
06-06-2012,1620.4,82.32,22.16,0.16,228.524
07-06-2012,1589,82.05,21.72,0.16,228.524
08-06-2012,1594.45,82.51,21.23,0.17,228.524
09-06-2012,1594.45,82.51,21.23,0.17,228.524
10-06-2012,1594.45,82.51,21.23,0.17,228.524
11-06-2012,1596.45,82.52,23.56,0.17,228.524
12-06-2012,1610.05,82.42,22.09,0.16,228.524
13-06-2012,1618.35,82.06,24.27,0.17,228.524
14-06-2012,1623.32,81.99,21.68,0.17,228.524
15-06-2012,1626.76,81.63,21.11,0.18,228.524
16-06-2012,1626.76,81.63,21.11,0.18,228.524
17-06-2012,1626.76,81.63,21.11,0.18,228.524
18-06-2012,1628.4,81.95,18.32,0.17,228.524
19-06-2012,1618.07,81.38,18.38,0.17,228.524
20-06-2012,1605.9,81.58,17.24,0.16,228.524
21-06-2012,1565.3,82.29,20.08,0.17,228.524
22-06-2012,1572.15,82.26,18.11,0.17,228.524
23-06-2012,1572.15,82.26,18.11,0.17,228.524
24-06-2012,1572.15,82.26,18.11,0.17,228.524
25-06-2012,1584.6,82.5,20.38,0.17,228.524
26-06-2012,1572.15,82.37,19.72,0.16,228.524
27-06-2012,1574.3,82.62,19.45,0.15,228.524
28-06-2012,1551.9,82.81,19.71,0.15,228.524
29-06-2012,1598.6,81.63,17.08,0.09,228.524
30-06-2012,1598.6,81.63,17.08,0.09,228.524
01-07-2012,1598.6,81.63,17.08,0.09,228.59
02-07-2012,1596.35,81.87,16.74,0.18,228.59
03-07-2012,1616.65,81.78,16.66,0.17,228.59
04-07-2012,1615.63,81.78,16.66,0.17,228.59
05-07-2012,1604.75,82.81,17.5,0.17,228.59
06-07-2012,1582.9,83.38,17.1,0.17,228.59
07-07-2012,1582.9,83.38,17.1,0.17,228.59
08-07-2012,1582.9,83.38,17.1,0.17,228.59
09-07-2012,1587.15,83.16,17.98,0.17,228.59
10-07-2012,1566.5,83.4,18.72,0.17,228.59
11-07-2012,1576.9,83.57,17.95,0.17,228.59
12-07-2012,1572.4,83.66,18.33,0.18,228.59
13-07-2012,1589.05,83.35,16.74,0.19,228.59
14-07-2012,1589.05,83.35,16.74,0.19,228.59
15-07-2012,1589.05,83.35,16.74,0.19,228.59
16-07-2012,1589.35,83.1,17.11,0.18,228.59
17-07-2012,1582.75,83.03,16.48,0.17,228.59
18-07-2012,1573.8,83.07,16.16,0.16,228.59
19-07-2012,1582.05,82.88,15.45,0.13,228.59
20-07-2012,1583.63,83.48,16.27,0.13,228.59
21-07-2012,1583.63,83.48,16.27,0.13,228.59
22-07-2012,1583.63,83.48,16.27,0.13,228.59
23-07-2012,1576.9,83.71,18.62,0.14,228.59
24-07-2012,1580.5,84,20.47,0.15,228.59
25-07-2012,1605.38,83.52,19.34,0.15,228.59
26-07-2012,1616.2,82.81,17.53,0.14,228.59
27-07-2012,1623.28,82.71,16.7,0.14,228.59
28-07-2012,1623.28,82.71,16.7,0.14,228.59
29-07-2012,1623.28,82.71,16.7,0.14,228.59
30-07-2012,1621.1,82.79,18.03,0.14,228.59
31-07-2012,1613.9,82.64,18.93,0.13,228.59
01-08-2012,1599.2,83.06,18.96,0.14,229.918
02-08-2012,1590.35,83.36,17.57,0.14,229.918
03-08-2012,1604.3,82.38,15.64,0.14,229.918
04-08-2012,1604.3,82.38,15.64,0.14,229.918
05-08-2012,1604.3,82.38,15.64,0.14,229.918
06-08-2012,1611,82.27,15.95,0.14,229.918
07-08-2012,1611.18,82.21,15.99,0.13,229.918
08-08-2012,1611.9,82.39,15.32,0.13,229.918
09-08-2012,1617.7,82.64,15.28,0.13,229.918
10-08-2012,1620.05,82.55,14.74,0.13,229.918
11-08-2012,1620.05,82.55,14.74,0.13,229.918
12-08-2012,1620.05,82.55,14.74,0.13,229.918
13-08-2012,1610.15,82.44,13.7,0.13,229.918
14-08-2012,1598.65,82.48,14.85,0.13,229.918
15-08-2012,1603.38,82.64,14.63,0.13,229.918
16-08-2012,1614.8,82.36,14.29,0.13,229.918
17-08-2012,1615.8,82.6,13.45,0.13,229.918
18-08-2012,1615.8,82.6,13.45,0.13,229.918
19-08-2012,1615.8,82.6,13.45,0.13,229.918
20-08-2012,1620.7,82.46,14.02,0.13,229.918
21-08-2012,1638.5,81.91,15.02,0.13,229.918
22-08-2012,1654,81.49,15.11,0.13,229.918
23-08-2012,1670.65,81.36,15.96,0.13,229.918
24-08-2012,1670.35,81.59,15.18,0.13,229.918
25-08-2012,1670.35,81.59,15.18,0.13,229.918
26-08-2012,1670.35,81.59,15.18,0.13,229.918
27-08-2012,1664.1,81.66,16.35,0.13,229.918
28-08-2012,1667.03,81.37,16.49,0.13,229.918
29-08-2012,1656.55,81.55,17.06,0.13,229.918
30-08-2012,1656.15,81.69,17.83,0.14,229.918
31-08-2012,1691.15,81.21,17.47,0.13,229.918
01-09-2012,1691.15,81.21,17.47,0.13,231.015
02-09-2012,1691.15,81.21,17.47,0.13,231.015
03-09-2012,1692.4,81.21,17.47,0.13,231.015
04-09-2012,1696.4,81.31,17.98,0.14,231.015
05-09-2012,1693.65,81.23,17.74,0.16,231.015
06-09-2012,1701.65,81.04,15.6,0.16,231.015
07-09-2012,1736.5,80.25,14.38,0.15,231.015
08-09-2012,1736.5,80.25,14.38,0.15,231.015
09-09-2012,1736.5,80.25,14.38,0.15,231.015
10-09-2012,1725.8,80.25,16.28,0.15,231.015
11-09-2012,1731.75,79.86,16.41,0.15,231.015
12-09-2012,1731.5,79.74,15.8,0.15,231.015
13-09-2012,1766.9,79.26,14.05,0.15,231.015
14-09-2012,1772.48,78.85,14.51,0.16,231.015
15-09-2012,1772.48,78.85,14.51,0.16,231.015
16-09-2012,1772.48,78.85,14.51,0.16,231.015
17-09-2012,1761.45,79.01,14.59,0.16,231.015
18-09-2012,1770.95,79.25,14.18,0.16,231.015
19-09-2012,1769.8,79.06,13.88,0.15,231.015
20-09-2012,1766.7,79.41,14.07,0.16,231.015
21-09-2012,1773.05,79.33,13.98,0.15,231.015
22-09-2012,1773.05,79.33,13.98,0.15,231.015
23-09-2012,1773.05,79.33,13.98,0.15,231.015
24-09-2012,1764.15,79.52,14.15,0.16,231.015
25-09-2012,1760.65,79.55,15.43,0.15,231.015
26-09-2012,1752.2,79.89,16.81,0.15,231.015
27-09-2012,1777.9,79.55,14.84,0.14,231.015
28-09-2012,1771.22,79.94,15.73,0.09,231.015
29-09-2012,1771.22,79.94,15.73,0.09,231.015
30-09-2012,1771.22,79.94,15.73,0.09,231.015
01-10-2012,1774.4,79.82,16.32,0.15,231.638
02-10-2012,1778,79.74,15.71,0.16,231.638
03-10-2012,1779.15,79.97,15.43,0.16,231.638
04-10-2012,1790.55,79.35,14.55,0.15,231.638
05-10-2012,1780.98,79.34,14.33,0.15,231.638
06-10-2012,1780.98,79.34,14.33,0.15,231.638
07-10-2012,1780.98,79.34,14.33,0.15,231.638
08-10-2012,1774.9,79.54,15.11,0.15,231.638
09-10-2012,1764.15,79.95,16.37,0.16,231.638
10-10-2012,1762.55,79.92,16.29,0.16,231.638
11-10-2012,1768.8,79.78,15.59,0.16,231.638
12-10-2012,1754.25,79.67,16.14,0.16,231.638
13-10-2012,1754.25,79.67,16.14,0.16,231.638
14-10-2012,1754.25,79.67,16.14,0.16,231.638
15-10-2012,1736.1,79.74,15.27,0.16,231.638
16-10-2012,1747.8,79.41,15.22,0.16,231.638
17-10-2012,1750.3,79.02,15.07,0.15,231.638
18-10-2012,1741.7,79.37,15.03,0.15,231.638
19-10-2012,1720.9,79.62,17.06,0.16,231.638
20-10-2012,1720.9,79.62,17.06,0.16,231.638
21-10-2012,1720.9,79.62,17.06,0.16,231.638
22-10-2012,1729.45,79.65,16.62,0.15,231.638
23-10-2012,1708.7,79.98,18.83,0.15,231.638
24-10-2012,1702.43,79.91,18.33,0.17,231.638
25-10-2012,1711.8,80.04,18.12,0.16,231.638
26-10-2012,1711.35,80.07,17.81,0.16,231.638
27-10-2012,1711.35,80.07,17.81,0.16,231.638
28-10-2012,1711.35,80.07,17.81,0.16,231.638
29-10-2012,1709.85,80.23,17.81,0.17,231.638
30-10-2012,1709.49,79.93,17.81,0.17,231.638
31-10-2012,1720.55,79.92,18.6,0.18,231.638
01-11-2012,1714.7,80.05,16.69,0.17,231.249
02-11-2012,1677.85,80.59,17.59,0.16,231.249
03-11-2012,1677.85,80.59,17.59,0.16,231.249
04-11-2012,1677.85,80.59,17.59,0.16,231.249
05-11-2012,1684.6,80.75,18.42,0.17,231.249
06-11-2012,1715.95,80.61,17.58,0.16,231.249
07-11-2012,1716.69,80.76,19.08,0.16,231.249
08-11-2012,1730.99,80.79,18.49,0.16,231.249
09-11-2012,1731.24,81.03,18.61,0.16,231.249
10-11-2012,1731.24,81.03,18.61,0.16,231.249
11-11-2012,1731.24,81.03,18.61,0.16,231.249
12-11-2012,1728.35,81.03,16.68,0.16,231.249
13-11-2012,1725.5,81.08,16.65,0.16,231.249
14-11-2012,1726.45,81.06,17.92,0.16,231.249
15-11-2012,1715.8,81.08,17.99,0.16,231.249
16-11-2012,1713.7,81.26,16.41,0.16,231.249
17-11-2012,1713.7,81.26,16.41,0.16,231.249
18-11-2012,1713.7,81.26,16.41,0.16,231.249
19-11-2012,1731.94,80.87,15.24,0.16,231.249
20-11-2012,1728.65,80.96,15.08,0.16,231.249
21-11-2012,1729.11,80.93,15.31,0.16,231.249
22-11-2012,1729.55,80.93,15.31,0.16,231.249
23-11-2012,1753,80.19,15.14,0.16,231.249
24-11-2012,1753,80.19,15.14,0.16,231.249
25-11-2012,1753,80.19,15.14,0.16,231.249
26-11-2012,1749.1,80.25,15.5,0.16,231.249
27-11-2012,1742.05,80.4,15.92,0.16,231.249
28-11-2012,1719.69,80.34,15.51,0.16,231.249
29-11-2012,1725.4,80.2,15.06,0.16,231.249
30-11-2012,1714.8,80.15,15.87,0.16,231.249
01-12-2012,1714.8,80.15,15.87,0.16,231.221
02-12-2012,1714.8,80.15,15.87,0.16,231.221
03-12-2012,1715.25,79.88,16.64,0.16,231.221
04-12-2012,1697.35,79.64,17.12,0.17,231.221
05-12-2012,1693.99,79.77,16.46,0.16,231.221
06-12-2012,1699.14,80.26,16.58,0.16,231.221
07-12-2012,1703.65,80.41,15.9,0.16,231.221
08-12-2012,1703.65,80.41,15.9,0.16,231.221
09-12-2012,1703.65,80.41,15.9,0.16,231.221
10-12-2012,1710.25,80.33,16.05,0.16,231.221
11-12-2012,1710.1,80.06,15.57,0.17,231.221
12-12-2012,1711.95,79.81,15.95,0.17,231.221
13-12-2012,1697.3,79.93,16.56,0.16,231.221
14-12-2012,1695.47,79.58,17,0.17,231.221
15-12-2012,1695.47,79.58,17,0.17,231.221
16-12-2012,1695.47,79.58,17,0.17,231.221
17-12-2012,1697.93,79.57,16.34,0.16,231.221
18-12-2012,1670.15,79.36,15.57,0.17,231.221
19-12-2012,1666.94,79.27,17.36,0.17,231.221
20-12-2012,1647.75,79.26,17.67,0.17,231.221
21-12-2012,1656.99,79.62,17.84,0.17,231.221
22-12-2012,1656.99,79.62,17.84,0.17,231.221
23-12-2012,1656.99,79.62,17.84,0.17,231.221
24-12-2012,1657.48,79.64,18.59,0.18,231.221
25-12-2012,1658.9,79.64,18.59,0.18,231.221
26-12-2012,1660.14,79.62,19.48,0.17,231.221
27-12-2012,1663.9,79.62,19.47,0.17,231.221
28-12-2012,1655.4,79.68,22.72,0.17,231.221
29-12-2012,1655.4,79.68,22.72,0.17,231.221
30-12-2012,1655.4,79.68,22.72,0.17,231.221
31-12-2012,1674.95,79.77,18.02,0.09,231.221
01-01-2013,1675.15,79.77,18.02,0.09,231.679
02-01-2013,1686.75,79.84,14.68,0.17,231.679
03-01-2013,1663.35,80.38,14.56,0.17,231.679
04-01-2013,1656.85,80.5,13.83,0.16,231.679
05-01-2013,1656.85,80.5,13.83,0.16,231.679
06-01-2013,1656.85,80.5,13.83,0.16,231.679
07-01-2013,1647.25,80.26,13.79,0.16,231.679
08-01-2013,1659,80.34,13.62,0.15,231.679
09-01-2013,1657.9,80.56,13.81,0.14,231.679
10-01-2013,1675.25,79.74,13.49,0.14,231.679
11-01-2013,1663.05,79.56,13.36,0.14,231.679
12-01-2013,1663.05,79.56,13.36,0.14,231.679
13-01-2013,1663.05,79.56,13.36,0.14,231.679
14-01-2013,1667.2,79.49,13.52,0.14,231.679
15-01-2013,1678.9,79.78,13.55,0.15,231.679
16-01-2013,1679.5,79.8,13.42,0.14,231.679
17-01-2013,1687.64,79.65,13.57,0.14,231.679
18-01-2013,1683.95,80.04,12.46,0.14,231.679
19-01-2013,1683.95,80.04,12.46,0.14,231.679
20-01-2013,1683.95,80.04,12.46,0.14,231.679
21-01-2013,1690.05,80.04,12.46,0.14,231.679
22-01-2013,1692.1,79.87,12.43,0.14,231.679
23-01-2013,1685.75,79.92,12.46,0.13,231.679
24-01-2013,1667.74,79.95,12.69,0.15,231.679
25-01-2013,1658.69,79.75,12.89,0.14,231.679
26-01-2013,1658.69,79.75,12.89,0.14,231.679
27-01-2013,1658.69,79.75,12.89,0.14,231.679
28-01-2013,1654.95,79.75,13.57,0.14,231.679
29-01-2013,1663.85,79.56,13.31,0.12,231.679
30-01-2013,1677.1,79.28,14.32,0.12,231.679
31-01-2013,1663.6,79.21,14.28,0.15,231.679
01-02-2013,1667.15,79.21,12.9,0.14,232.937
02-02-2013,1667.15,79.21,12.9,0.14,232.937
03-02-2013,1667.15,79.21,12.9,0.14,232.937
04-02-2013,1674.4,79.55,14.67,0.13,232.937
05-02-2013,1673,79.49,13.72,0.13,232.937
06-02-2013,1677.49,79.72,13.41,0.13,232.937
07-02-2013,1671.3,80.19,13.5,0.13,232.937
08-02-2013,1667.5,80.21,13.02,0.14,232.937
09-02-2013,1667.5,80.21,13.02,0.14,232.937
10-02-2013,1667.5,80.21,13.02,0.14,232.937
11-02-2013,1649.74,80.31,12.94,0.14,232.937
12-02-2013,1650.8,80.11,12.64,0.13,232.937
13-02-2013,1642.74,80.09,12.98,0.14,232.937
14-02-2013,1634.85,80.46,12.66,0.14,232.937
15-02-2013,1609.44,80.58,12.46,0.16,232.937
16-02-2013,1609.44,80.58,12.46,0.16,232.937
17-02-2013,1609.44,80.58,12.46,0.16,232.937
18-02-2013,1610.05,80.58,12.46,0.16,232.937
19-02-2013,1604.6,80.47,12.31,0.15,232.937
20-02-2013,1562.9,81.07,14.68,0.15,232.937
21-02-2013,1576.05,81.46,15.22,0.16,232.937
22-02-2013,1580.7,81.46,14.17,0.16,232.937
23-02-2013,1580.7,81.46,14.17,0.16,232.937
24-02-2013,1580.7,81.46,14.17,0.16,232.937
25-02-2013,1594.24,81.67,18.99,0.15,232.937
26-02-2013,1613.49,81.87,16.87,0.14,232.937
27-02-2013,1597.6,81.6,14.73,0.14,232.937
28-02-2013,1580.14,81.95,15.51,0.14,232.937
01-03-2013,1575.24,82.28,15.36,0.14,232.282
02-03-2013,1575.24,82.28,15.36,0.14,232.282
03-03-2013,1575.24,82.28,15.36,0.14,232.282
04-03-2013,1573.95,82.19,14.01,0.16,232.282
05-03-2013,1575.44,82.09,13.48,0.15,232.282
06-03-2013,1583.69,82.46,13.53,0.15,232.282
07-03-2013,1578.9,82.08,13.06,0.16,232.282
08-03-2013,1578.35,82.72,12.59,0.15,232.282
09-03-2013,1578.35,82.72,12.59,0.15,232.282
10-03-2013,1578.35,82.72,12.59,0.15,232.282
11-03-2013,1581,82.57,11.56,0.16,232.282
12-03-2013,1592.7,82.58,12.27,0.15,232.282
13-03-2013,1587.8,82.89,11.83,0.14,232.282
14-03-2013,1590.3,82.61,11.3,0.15,232.282
15-03-2013,1592.45,82.13,11.3,0.16,232.282
16-03-2013,1592.45,82.13,11.3,0.16,232.282
17-03-2013,1592.45,82.13,11.3,0.16,232.282
18-03-2013,1605.3,82.69,13.36,0.16,232.282
19-03-2013,1613.4,82.99,14.39,0.15,232.282
20-03-2013,1606.5,82.78,12.67,0.15,232.282
21-03-2013,1614.7,82.74,13.99,0.16,232.282
22-03-2013,1608.45,82.53,13.57,0.15,232.282
23-03-2013,1608.45,82.53,13.57,0.15,232.282
24-03-2013,1608.45,82.53,13.57,0.15,232.282
25-03-2013,1605.4,82.83,13.74,0.15,232.282
26-03-2013,1599.2,82.88,12.77,0.14,232.282
27-03-2013,1605.4,83.22,13.15,0.12,232.282
28-03-2013,1596.74,82.99,12.7,0.13,232.282
29-03-2013,1596.74,83.22,12.7,0.09,232.282
30-03-2013,1596.74,83.22,12.7,0.09,232.282
31-03-2013,1596.74,83.22,12.7,0.09,232.282
01-04-2013,1598.9,82.73,13.58,0.16,231.797
02-04-2013,1575.85,82.92,12.78,0.15,231.797
03-04-2013,1557.85,82.72,14.21,0.14,231.797
04-04-2013,1553.32,82.68,13.89,0.14,231.797
05-04-2013,1582,82.5,13.92,0.15,231.797
06-04-2013,1582,82.5,13.92,0.15,231.797
07-04-2013,1582,82.5,13.92,0.15,231.797
08-04-2013,1573.7,82.75,13.19,0.15,231.797
09-04-2013,1585.2,82.31,12.84,0.15,231.797
10-04-2013,1558.75,82.53,12.36,0.15,231.797
11-04-2013,1561.35,82.25,12.24,0.15,231.797
12-04-2013,1478.85,82.13,12.06,0.15,231.797
13-04-2013,1478.85,82.13,12.06,0.15,231.797
14-04-2013,1478.85,82.13,12.06,0.15,231.797
15-04-2013,1353.25,82.42,17.27,0.15,231.797
16-04-2013,1368.9,81.75,13.96,0.15,231.797
17-04-2013,1377,82.68,16.51,0.15,231.797
18-04-2013,1391.25,82.56,17.56,0.15,231.797
19-04-2013,1404.35,82.71,14.97,0.15,231.797
20-04-2013,1404.35,82.71,14.97,0.15,231.797
21-04-2013,1404.35,82.71,14.97,0.15,231.797
22-04-2013,1426.25,82.68,14.39,0.15,231.797
23-04-2013,1413.35,83.05,13.48,0.14,231.797
24-04-2013,1431.3,83.05,13.61,0.13,231.797
25-04-2013,1467.85,82.74,13.62,0.13,231.797
26-04-2013,1463,82.47,13.61,0.13,231.797
27-04-2013,1463,82.47,13.61,0.13,231.797
28-04-2013,1463,82.47,13.61,0.13,231.797
29-04-2013,1476.65,82.15,13.71,0.13,231.797
30-04-2013,1477.1,81.75,13.52,0.14,231.797
01-05-2013,1457.6,81.48,14.49,0.14,231.893
02-05-2013,1467.1,82.22,13.59,0.15,231.893
03-05-2013,1470.7,82.1,12.85,0.14,231.893
04-05-2013,1470.7,82.1,12.85,0.14,231.893
05-05-2013,1470.7,82.1,12.85,0.14,231.893
06-05-2013,1469.5,82.31,12.66,0.14,231.893
07-05-2013,1452.6,82.25,12.83,0.12,231.893
08-05-2013,1472.8,81.9,12.66,0.12,231.893
09-05-2013,1458.2,82.79,13.13,0.12,231.893
10-05-2013,1448.2,83.14,12.59,0.12,231.893
11-05-2013,1448.2,83.14,12.59,0.12,231.893
12-05-2013,1448.2,83.14,12.59,0.12,231.893
13-05-2013,1430.55,83.28,12.55,0.12,231.893
14-05-2013,1426,83.59,12.77,0.11,231.893
15-05-2013,1392.9,83.83,12.81,0.12,231.893
16-05-2013,1386.3,83.59,13.07,0.11,231.893
17-05-2013,1359.2,84.25,12.45,0.1,231.893
18-05-2013,1359.2,84.25,12.45,0.1,231.893
19-05-2013,1359.2,84.25,12.45,0.1,231.893
20-05-2013,1394.15,83.74,13.02,0.1,231.893
21-05-2013,1376.3,83.86,13.37,0.09,231.893
22-05-2013,1369.4,84.35,13.82,0.08,231.893
23-05-2013,1391.2,83.8,14.07,0.08,231.893
24-05-2013,1386.05,83.7,13.99,0.09,231.893
25-05-2013,1386.05,83.7,13.99,0.09,231.893
26-05-2013,1386.05,83.7,13.99,0.09,231.893
27-05-2013,1394.78,83.7,13.99,0.09,231.893
28-05-2013,1380.85,84.1,14.48,0.09,231.893
29-05-2013,1392.95,83.66,14.83,0.08,231.893
30-05-2013,1413.75,83.04,14.53,0.08,231.893
31-05-2013,1386.9,83.26,16.3,0.09,231.893
01-06-2013,1386.9,83.26,16.3,0.09,232.445
02-06-2013,1386.9,83.26,16.3,0.09,232.445
03-06-2013,1411.6,82.66,16.28,0.1,232.445
04-06-2013,1399.9,82.77,16.27,0.11,232.445
05-06-2013,1403.3,82.59,17.5,0.09,232.445
06-06-2013,1413.65,81.54,16.63,0.1,232.445
07-06-2013,1384.47,81.67,15.14,0.09,232.445
08-06-2013,1384.47,81.67,15.14,0.09,232.445
09-06-2013,1384.47,81.67,15.14,0.09,232.445
10-06-2013,1386.9,81.65,15.44,0.09,232.445
11-06-2013,1379.6,81.11,17.07,0.09,232.445
12-06-2013,1388.4,80.95,18.59,0.08,232.445
13-06-2013,1386.05,80.75,16.41,0.09,232.445
14-06-2013,1390.7,80.62,17.15,0.1,232.445
15-06-2013,1390.7,80.62,17.15,0.1,232.445
16-06-2013,1390.7,80.62,17.15,0.1,232.445
17-06-2013,1384.85,80.79,16.8,0.11,232.445
18-06-2013,1368.4,80.61,16.61,0.12,232.445
19-06-2013,1351.3,81.43,16.64,0.1,232.445
20-06-2013,1278,81.92,20.49,0.1,232.445
21-06-2013,1297.25,82.41,18.9,0.1,232.445
22-06-2013,1297.25,82.41,18.9,0.1,232.445
23-06-2013,1297.25,82.41,18.9,0.1,232.445
24-06-2013,1281.9,82.42,20.11,0.1,232.445
25-06-2013,1277.35,82.58,18.47,0.09,232.445
26-06-2013,1226.35,82.98,17.21,0.09,232.445
27-06-2013,1200.75,82.9,16.86,0.09,232.445
28-06-2013,1234.25,83.14,16.86,0.07,232.445
29-06-2013,1234.25,83.14,16.86,0.07,232.445
30-06-2013,1234.25,83.14,16.86,0.07,232.445
01-07-2013,1253.3,83.05,16.37,0.1,232.9
02-07-2013,1242.5,83.54,16.44,0.1,232.9
03-07-2013,1252.3,83.23,16.2,0.1,232.9
04-07-2013,1250.3,83.23,16.2,0.1,232.9
05-07-2013,1223.8,84.44,14.89,0.1,232.9
06-07-2013,1223.8,84.44,14.89,0.1,232.9
07-07-2013,1223.8,84.44,14.89,0.1,232.9
08-07-2013,1237,84.19,14.78,0.1,232.9
09-07-2013,1249.95,84.58,14.35,0.1,232.9
10-07-2013,1264.25,84.04,14.21,0.09,232.9
11-07-2013,1285.3,82.75,14.01,0.09,232.9
12-07-2013,1284.9,82.99,13.84,0.09,232.9
13-07-2013,1284.9,82.99,13.84,0.09,232.9
14-07-2013,1284.9,82.99,13.84,0.09,232.9
15-07-2013,1282.6,83.04,13.79,0.09,232.9
16-07-2013,1292.6,82.5,14.42,0.09,232.9
17-07-2013,1276,82.71,13.78,0.09,232.9
18-07-2013,1285.1,82.82,13.77,0.09,232.9
19-07-2013,1296.35,82.62,12.54,0.09,232.9
20-07-2013,1296.35,82.62,12.54,0.09,232.9
21-07-2013,1296.35,82.62,12.54,0.09,232.9
22-07-2013,1335.9,82.22,12.29,0.09,232.9
23-07-2013,1348.1,81.94,12.66,0.09,232.9
24-07-2013,1321.3,82.29,13.18,0.09,232.9
25-07-2013,1333.65,81.97,12.97,0.09,232.9
26-07-2013,1333.9,81.66,12.72,0.09,232.9
27-07-2013,1333.9,81.66,12.72,0.09,232.9
28-07-2013,1333.9,81.66,12.72,0.09,232.9
29-07-2013,1327.6,81.66,13.39,0.08,232.9
30-07-2013,1327.3,81.83,13.39,0.09,232.9
31-07-2013,1323.1,81.45,13.45,0.09,232.9
01-08-2013,1308.95,82.34,12.94,0.08,233.456
02-08-2013,1312,81.91,11.98,0.09,233.456
03-08-2013,1312,81.91,11.98,0.09,233.456
04-08-2013,1312,81.91,11.98,0.09,233.456
05-08-2013,1303.95,81.88,11.84,0.08,233.456
06-08-2013,1281.9,81.6,12.72,0.09,233.456
07-08-2013,1287.75,81.29,12.98,0.09,233.456
08-08-2013,1312,80.98,12.73,0.09,233.456
09-08-2013,1314.5,81.13,13.41,0.08,233.456
10-08-2013,1314.5,81.13,13.41,0.08,233.456
11-08-2013,1314.5,81.13,13.41,0.08,233.456
12-08-2013,1336.4,81.33,12.81,0.08,233.456
13-08-2013,1321.3,81.77,12.31,0.08,233.456
14-08-2013,1335.2,81.71,13.04,0.09,233.456
15-08-2013,1366.05,81.18,14.73,0.08,233.456
16-08-2013,1376.4,81.26,14.37,0.09,233.456
17-08-2013,1376.4,81.26,14.37,0.09,233.456
18-08-2013,1376.4,81.26,14.37,0.09,233.456
19-08-2013,1365.98,81.23,15.1,0.09,233.456
20-08-2013,1371.17,80.91,14.91,0.09,233.456
21-08-2013,1366.35,81.21,15.94,0.08,233.456
22-08-2013,1375.85,81.49,14.76,0.09,233.456
23-08-2013,1396.85,81.36,13.98,0.08,233.456
24-08-2013,1396.85,81.36,13.98,0.08,233.456
25-08-2013,1396.85,81.36,13.98,0.08,233.456
26-08-2013,1404.9,81.41,14.99,0.08,233.456
27-08-2013,1416.65,81.17,16.77,0.07,233.456
28-08-2013,1418.5,81.43,16.49,0.07,233.456
29-08-2013,1408.25,81.95,16.81,0.08,233.456
30-08-2013,1396.4,82.09,17.01,0.07,233.456
31-08-2013,1396.4,82.09,17.01,0.07,233.456
01-09-2013,1396.4,82.09,17.01,0.07,233.544
02-09-2013,1394.9,82.09,17.01,0.07,233.544
03-09-2013,1412.65,82.36,16.61,0.09,233.544
04-09-2013,1391.45,82.17,15.88,0.08,233.544
05-09-2013,1367.85,82.63,15.77,0.08,233.544
06-09-2013,1391.61,82.15,15.85,0.08,233.544
07-09-2013,1391.61,82.15,15.85,0.08,233.544
08-09-2013,1391.61,82.15,15.85,0.08,233.544
09-09-2013,1387.05,81.79,15.63,0.08,233.544
10-09-2013,1364.45,81.82,14.53,0.08,233.544
11-09-2013,1366.75,81.52,13.82,0.08,233.544
12-09-2013,1321.05,81.49,14.29,0.08,233.544
13-09-2013,1326.72,81.45,14.16,0.08,233.544
14-09-2013,1326.72,81.45,14.16,0.08,233.544
15-09-2013,1326.72,81.45,14.16,0.08,233.544
16-09-2013,1314,81.3,14.38,0.08,233.544
17-09-2013,1309.65,81.14,14.53,0.08,233.544
18-09-2013,1365.15,80.24,13.59,0.08,233.544
19-09-2013,1365,80.37,13.16,0.09,233.544
20-09-2013,1325.38,80.43,13.12,0.08,233.544
21-09-2013,1325.38,80.43,13.12,0.08,233.544
22-09-2013,1325.38,80.43,13.12,0.08,233.544
23-09-2013,1322.15,80.45,14.31,0.09,233.544
24-09-2013,1323.2,80.56,14.08,0.09,233.544
25-09-2013,1333.6,80.33,14.01,0.08,233.544
26-09-2013,1323.7,80.52,14.06,0.08,233.544
27-09-2013,1336.2,80.29,15.46,0.08,233.544
28-09-2013,1336.2,80.29,15.46,0.08,233.544
29-09-2013,1336.2,80.29,15.46,0.08,233.544
30-09-2013,1327.55,80.22,16.6,0.06,233.544
01-10-2013,1286.6,80.14,15.54,0.08,233.669
02-10-2013,1315.25,79.9,16.6,0.07,233.669
03-10-2013,1317.3,79.75,17.67,0.08,233.669
04-10-2013,1311.35,80.13,16.74,0.08,233.669
05-10-2013,1311.35,80.13,16.74,0.08,233.669
06-10-2013,1311.35,80.13,16.74,0.08,233.669
07-10-2013,1321.79,79.94,19.41,0.08,233.669
08-10-2013,1318.8,80.06,20.34,0.08,233.669
09-10-2013,1307.2,80.38,19.6,0.09,233.669
10-10-2013,1286.24,80.42,16.48,0.09,233.669
11-10-2013,1273.11,80.41,15.72,0.1,233.669
12-10-2013,1273.11,80.41,15.72,0.1,233.669
13-10-2013,1273.11,80.41,15.72,0.1,233.669
14-10-2013,1273.4,80.26,16.07,0.1,233.669
15-10-2013,1280.8,80.48,18.66,0.1,233.669
16-10-2013,1281.6,80.47,14.71,0.11,233.669
17-10-2013,1319.7,79.65,13.48,0.1,233.669
18-10-2013,1316.24,79.65,13.04,0.1,233.669
19-10-2013,1316.24,79.65,13.04,0.1,233.669
20-10-2013,1316.24,79.65,13.04,0.1,233.669
21-10-2013,1315.75,79.69,13.16,0.09,233.669
22-10-2013,1340.65,79.23,13.33,0.08,233.669
23-10-2013,1332.35,79.26,13.42,0.08,233.669
24-10-2013,1347.15,79.19,13.2,0.08,233.669
25-10-2013,1352.13,79.19,13.09,0.08,233.669
26-10-2013,1352.13,79.19,13.09,0.08,233.669
27-10-2013,1352.13,79.19,13.09,0.08,233.669
28-10-2013,1352.2,79.25,13.31,0.08,233.669
29-10-2013,1344.3,79.61,13.41,0.08,233.669
30-10-2013,1342.8,79.78,13.65,0.08,233.669
31-10-2013,1323.8,80.19,13.75,0.07,233.669
01-11-2013,1315.35,80.72,13.28,0.08,234.1
02-11-2013,1315.35,80.72,13.28,0.08,234.1
03-11-2013,1315.35,80.72,13.28,0.08,234.1
04-11-2013,1314.74,80.55,12.93,0.08,234.1
05-11-2013,1311.6,80.71,13.27,0.08,234.1
06-11-2013,1318.4,80.48,12.67,0.08,234.1
07-11-2013,1307.95,80.84,13.91,0.08,234.1
08-11-2013,1288.2,81.3,12.9,0.08,234.1
09-11-2013,1288.2,81.3,12.9,0.08,234.1
10-11-2013,1288.2,81.3,12.9,0.08,234.1
11-11-2013,1283.28,81.09,12.53,0.08,234.1
12-11-2013,1267.99,81.19,12.82,0.08,234.1
13-11-2013,1278.99,80.93,12.52,0.08,234.1
14-11-2013,1287.39,81.02,12.37,0.09,234.1
15-11-2013,1290.05,80.85,12.19,0.09,234.1
16-11-2013,1290.05,80.85,12.19,0.09,234.1
17-11-2013,1290.05,80.85,12.19,0.09,234.1
18-11-2013,1274.35,80.83,13.1,0.09,234.1
19-11-2013,1275.25,80.7,13.39,0.09,234.1
20-11-2013,1243.2,81.11,13.4,0.09,234.1
21-11-2013,1242.75,81.07,12.66,0.09,234.1
22-11-2013,1243.6,80.71,12.26,0.09,234.1
23-11-2013,1243.6,80.71,12.26,0.09,234.1
24-11-2013,1243.6,80.71,12.26,0.09,234.1
25-11-2013,1252.6,80.92,12.79,0.09,234.1
26-11-2013,1243.3,80.61,12.81,0.09,234.1
27-11-2013,1237.4,80.72,12.98,0.09,234.1
28-11-2013,1244.15,80.72,12.98,0.09,234.1
29-11-2013,1253.49,80.68,13.7,0.07,234.1
30-11-2013,1253.49,80.68,13.7,0.07,234.1
01-12-2013,1253.49,80.68,13.7,0.07,234.719
02-12-2013,1220.05,80.92,14.23,0.09,234.719
03-12-2013,1223.89,80.92,14.55,0.09,234.719
04-12-2013,1243.66,80.62,14.7,0.09,234.719
05-12-2013,1224.88,80.23,15.08,0.09,234.719
06-12-2013,1228.85,80.31,13.79,0.09,234.719
07-12-2013,1228.85,80.31,13.79,0.09,234.719
08-12-2013,1228.85,80.31,13.79,0.09,234.719
09-12-2013,1240.94,80.13,13.49,0.09,234.719
10-12-2013,1260.72,79.97,13.91,0.09,234.719
11-12-2013,1251.75,79.89,15.42,0.08,234.719
12-12-2013,1223.8,80.21,15.54,0.09,234.719
13-12-2013,1238.3,80.21,15.76,0.08,234.719
14-12-2013,1238.3,80.21,15.76,0.08,234.719
15-12-2013,1238.3,80.21,15.76,0.08,234.719
16-12-2013,1240.57,80.07,16.03,0.09,234.719
17-12-2013,1230.1,80.06,16.21,0.09,234.719
18-12-2013,1218.07,80.11,13.8,0.09,234.719
19-12-2013,1190.1,80.63,14.15,0.09,234.719
20-12-2013,1203.25,80.58,13.79,0.09,234.719
21-12-2013,1203.25,80.58,13.79,0.09,234.719
22-12-2013,1203.25,80.58,13.79,0.09,234.719
23-12-2013,1198.84,80.45,13.04,0.09,234.719
24-12-2013,1204.35,80.45,12.48,0.08,234.719
25-12-2013,1204.7,80.45,12.48,0.08,234.719
26-12-2013,1210.7,80.48,12.33,0.08,234.719
27-12-2013,1213.19,80.39,12.46,0.08,234.719
28-12-2013,1213.19,80.39,12.46,0.08,234.719
29-12-2013,1213.19,80.39,12.46,0.08,234.719
30-12-2013,1196.4,80,13.56,0.08,234.719
31-12-2013,1205.55,80.03,13.72,0.07,234.719
01-01-2014,1205.9,80.03,13.72,0.07,235.288
02-01-2014,1224.89,80.63,14.23,0.08,235.288
03-01-2014,1236.55,80.79,13.76,0.08,235.288
04-01-2014,1236.55,80.79,13.76,0.08,235.288
05-01-2014,1236.55,80.79,13.76,0.08,235.288
06-01-2014,1238.05,80.65,13.55,0.08,235.288
07-01-2014,1232.1,80.83,12.92,0.07,235.288
08-01-2014,1226.1,81.02,12.87,0.07,235.288
09-01-2014,1228,81,12.89,0.07,235.288
10-01-2014,1247.1,80.66,12.14,0.07,235.288
11-01-2014,1247.1,80.66,12.14,0.07,235.288
12-01-2014,1247.1,80.66,12.14,0.07,235.288
13-01-2014,1253.44,80.51,13.28,0.07,235.288
14-01-2014,1245.1,80.66,12.28,0.07,235.288
15-01-2014,1241.74,81.03,12.28,0.07,235.288
16-01-2014,1242.55,80.91,12.53,0.07,235.288
17-01-2014,1253.82,81.22,12.44,0.07,235.288
18-01-2014,1253.82,81.22,12.44,0.07,235.288
19-01-2014,1253.82,81.22,12.44,0.07,235.288
20-01-2014,1254.35,81.22,12.44,0.07,235.288
21-01-2014,1241.49,81.1,12.87,0.07,235.288
22-01-2014,1236.49,81.17,12.84,0.07,235.288
23-01-2014,1264.35,80.44,13.77,0.07,235.288
24-01-2014,1269.25,80.46,18.14,0.07,235.288
25-01-2014,1269.25,80.46,18.14,0.07,235.288
26-01-2014,1269.25,80.46,18.14,0.07,235.288
27-01-2014,1257.07,80.52,17.42,0.07,235.288
28-01-2014,1256.55,80.57,15.8,0.07,235.288
29-01-2014,1268.4,80.5,17.35,0.07,235.288
30-01-2014,1243.7,81.08,17.29,0.07,235.288
31-01-2014,1243.8,81.31,18.41,0.07,235.288
01-02-2014,1243.8,81.31,18.41,0.07,235.547
02-02-2014,1243.8,81.31,18.41,0.07,235.547
03-02-2014,1257.64,81.01,21.44,0.07,235.547
04-02-2014,1255,81.12,19.11,0.07,235.547
05-02-2014,1258.01,81.04,19.95,0.07,235.547
06-02-2014,1257.64,80.91,17.23,0.07,235.547
07-02-2014,1267.06,80.69,15.29,0.06,235.547
08-02-2014,1267.06,80.69,15.29,0.06,235.547
09-02-2014,1267.06,80.69,15.29,0.06,235.547
10-02-2014,1274.9,80.64,15.26,0.07,235.547
11-02-2014,1291.85,80.64,14.51,0.06,235.547
12-02-2014,1291.25,80.68,14.3,0.07,235.547
13-02-2014,1302.7,80.32,14.14,0.06,235.547
14-02-2014,1318.93,80.15,13.57,0.06,235.547
15-02-2014,1318.93,80.15,13.57,0.06,235.547
16-02-2014,1318.93,80.15,13.57,0.06,235.547
17-02-2014,1329.1,80.14,13.57,0.06,235.547
18-02-2014,1321.6,80.01,13.87,0.07,235.547
19-02-2014,1311.8,80.14,15.5,0.07,235.547
20-02-2014,1322.89,80.29,14.79,0.07,235.547
21-02-2014,1323.39,80.24,14.68,0.07,235.547
22-02-2014,1323.39,80.24,14.68,0.07,235.547
23-02-2014,1323.39,80.24,14.68,0.07,235.547
24-02-2014,1337,80.2,14.23,0.07,235.547
25-02-2014,1340.75,80.14,13.67,0.07,235.547
26-02-2014,1330.75,80.43,14.35,0.07,235.547
27-02-2014,1331.44,80.28,14.04,0.07,235.547
28-02-2014,1326.4,79.69,14,0.06,235.547
01-03-2014,1326.4,79.69,14,0.06,236.028
02-03-2014,1326.4,79.69,14,0.06,236.028
03-03-2014,1350.9,80.08,16,0.07,236.028
04-03-2014,1334.9,80.17,14.1,0.07,236.028
05-03-2014,1337.39,80.11,13.89,0.08,236.028
06-03-2014,1351.35,79.66,14.21,0.08,236.028
07-03-2014,1340.25,79.72,14.11,0.08,236.028
08-03-2014,1340.25,79.72,14.11,0.08,236.028
09-03-2014,1340.25,79.72,14.11,0.08,236.028
10-03-2014,1339.15,79.77,14.2,0.08,236.028
11-03-2014,1349.95,79.74,14.8,0.08,236.028
12-03-2014,1367.08,79.61,14.47,0.08,236.028
13-03-2014,1370.6,79.62,16.22,0.08,236.028
14-03-2014,1382.24,79.45,17.82,0.08,236.028
15-03-2014,1382.24,79.45,17.82,0.08,236.028
16-03-2014,1382.24,79.45,17.82,0.08,236.028
17-03-2014,1366.95,79.39,15.64,0.08,236.028
18-03-2014,1356.25,79.41,14.52,0.08,236.028
19-03-2014,1331.45,80,15.12,0.08,236.028
20-03-2014,1328.5,80.19,14.52,0.08,236.028
21-03-2014,1334.55,80.11,15,0.08,236.028
22-03-2014,1334.55,80.11,15,0.08,236.028
23-03-2014,1334.55,80.11,15,0.08,236.028
24-03-2014,1309.62,79.93,15.09,0.09,236.028
25-03-2014,1311.05,79.94,14.02,0.09,236.028
26-03-2014,1304.1,80.03,14.93,0.08,236.028
27-03-2014,1291.14,80.11,14.62,0.08,236.028
28-03-2014,1294,80.18,14.41,0.08,236.028
29-03-2014,1294,80.18,14.41,0.08,236.028
30-03-2014,1294,80.18,14.41,0.08,236.028
31-03-2014,1284.25,80.1,13.88,0.06,236.028
01-04-2014,1279.15,80.09,13.1,0.08,236.468
02-04-2014,1289.8,80.22,13.09,0.09,236.468
03-04-2014,1287.3,80.47,13.37,0.08,236.468
04-04-2014,1302.7,80.42,13.96,0.08,236.468
05-04-2014,1302.7,80.42,13.96,0.08,236.468
06-04-2014,1302.7,80.42,13.96,0.08,236.468
07-04-2014,1296.65,80.23,15.57,0.09,236.468
08-04-2014,1308.72,79.75,14.89,0.08,236.468
09-04-2014,1311.9,79.48,13.82,0.08,236.468
10-04-2014,1318.92,79.38,15.89,0.08,236.468
11-04-2014,1318.47,79.45,17.03,0.09,236.468
12-04-2014,1318.47,79.45,17.03,0.09,236.468
13-04-2014,1318.47,79.45,17.03,0.09,236.468
14-04-2014,1326.4,79.73,16.11,0.09,236.468
15-04-2014,1302.65,79.8,15.61,0.1,236.468
16-04-2014,1302.8,79.8,14.18,0.09,236.468
17-04-2014,1294.85,79.83,13.36,0.09,236.468
18-04-2014,1293.78,79.83,13.36,0.1,236.468
19-04-2014,1293.78,79.83,13.36,0.1,236.468
20-04-2014,1293.78,79.83,13.36,0.1,236.468
21-04-2014,1290.15,79.94,13.25,0.1,236.468
22-04-2014,1283.5,79.91,13.19,0.1,236.468
23-04-2014,1283.9,79.86,13.27,0.1,236.468
24-04-2014,1293.85,79.8,13.32,0.1,236.468
25-04-2014,1303.45,79.75,14.06,0.09,236.468
26-04-2014,1303.45,79.75,14.06,0.09,236.468
27-04-2014,1303.45,79.75,14.06,0.09,236.468
28-04-2014,1296.1,79.68,13.97,0.09,236.468
29-04-2014,1296.48,79.81,13.71,0.1,236.468
30-04-2014,1291.9,79.47,13.41,0.09,236.468
01-05-2014,1284.1,79.53,13.25,0.09,236.918
02-05-2014,1300.32,79.52,12.91,0.09,236.918
03-05-2014,1300.32,79.52,12.91,0.09,236.918
04-05-2014,1300.32,79.52,12.91,0.09,236.918
05-05-2014,1309.85,79.49,13.29,0.09,236.918
06-05-2014,1307.65,79.09,13.8,0.09,236.918
07-05-2014,1289.55,79.2,13.4,0.08,236.918
08-05-2014,1289.6,79.36,13.43,0.08,236.918
09-05-2014,1289.33,79.9,12.92,0.08,236.918
10-05-2014,1289.33,79.9,12.92,0.08,236.918
11-05-2014,1289.33,79.9,12.92,0.08,236.918
12-05-2014,1295.8,79.9,12.23,0.08,236.918
13-05-2014,1293.35,80.14,12.13,0.09,236.918
14-05-2014,1305.6,80.07,12.17,0.08,236.918
15-05-2014,1296.35,80,13.17,0.09,236.918
16-05-2014,1293.7,80.04,12.44,0.09,236.918
17-05-2014,1293.7,80.04,12.44,0.09,236.918
18-05-2014,1293.7,80.04,12.44,0.09,236.918
19-05-2014,1291.95,79.99,12.42,0.09,236.918
20-05-2014,1294.25,80.04,12.96,0.09,236.918
21-05-2014,1291.85,80.09,11.91,0.09,236.918
22-05-2014,1293.85,80.25,12.03,0.09,236.918
23-05-2014,1293.11,80.39,11.36,0.09,236.918
24-05-2014,1293.11,80.39,11.36,0.09,236.918
25-05-2014,1293.11,80.39,11.36,0.09,236.918
26-05-2014,1293.05,80.39,11.36,0.09,236.918
27-05-2014,1263.7,80.35,11.51,0.09,236.918
28-05-2014,1258.5,80.57,11.68,0.09,236.918
29-05-2014,1256.05,80.49,11.57,0.09,236.918
30-05-2014,1251.05,80.37,11.4,0.08,236.918
31-05-2014,1251.05,80.37,11.4,0.08,236.918
01-06-2014,1251.05,80.37,11.4,0.08,237.231
02-06-2014,1244.35,80.64,11.58,0.09,237.231
03-06-2014,1244.65,80.55,11.87,0.1,237.231
04-06-2014,1243.8,80.66,12.08,0.09,237.231
05-06-2014,1253.6,80.37,11.68,0.09,237.231
06-06-2014,1252.73,80.41,10.73,0.09,237.231
07-06-2014,1252.73,80.41,10.73,0.09,237.231
08-06-2014,1252.73,80.41,10.73,0.09,237.231
09-06-2014,1252.08,80.65,11.15,0.09,237.231
10-06-2014,1260.8,80.82,10.99,0.09,237.231
11-06-2014,1260.74,80.77,11.6,0.09,237.231
12-06-2014,1273.36,80.58,12.56,0.09,237.231
13-06-2014,1277,80.58,12.18,0.1,237.231
14-06-2014,1277,80.58,12.18,0.1,237.231
15-06-2014,1277,80.58,12.18,0.1,237.231
16-06-2014,1271.6,80.47,12.65,0.1,237.231
17-06-2014,1271.5,80.63,12.06,0.1,237.231
18-06-2014,1278.4,80.58,10.61,0.1,237.231
19-06-2014,1320.1,80.32,10.62,0.1,237.231
20-06-2014,1314.82,80.37,10.85,0.1,237.231
21-06-2014,1314.82,80.37,10.85,0.1,237.231
22-06-2014,1314.82,80.37,10.85,0.1,237.231
23-06-2014,1318.1,80.27,10.98,0.1,237.231
24-06-2014,1318.3,80.33,12.13,0.1,237.231
25-06-2014,1319.5,80.22,11.59,0.1,237.231
26-06-2014,1317.95,80.22,11.63,0.1,237.231
27-06-2014,1315.35,80.02,11.26,0.1,237.231
28-06-2014,1315.35,80.02,11.26,0.1,237.231
29-06-2014,1315.35,80.02,11.26,0.1,237.231
30-06-2014,1327.5,79.78,11.57,0.09,237.231
01-07-2014,1325.75,79.81,11.15,0.1,237.498
02-07-2014,1327.45,79.96,10.82,0.1,237.498
03-07-2014,1319.8,80.21,10.32,0.09,237.498
04-07-2014,1320.55,80.27,10.32,0.09,237.498
05-07-2014,1320.55,80.27,10.32,0.09,237.498
06-07-2014,1320.55,80.27,10.32,0.09,237.498
07-07-2014,1320.2,80.22,11.33,0.1,237.498
08-07-2014,1318.95,80.18,11.98,0.09,237.498
09-07-2014,1326.7,79.99,11.65,0.09,237.498
10-07-2014,1335.55,80.13,12.59,0.09,237.498
11-07-2014,1338.15,80.19,12.08,0.09,237.498
12-07-2014,1338.15,80.19,12.08,0.09,237.498
13-07-2014,1338.15,80.19,12.08,0.09,237.498
14-07-2014,1307.15,80.19,11.82,0.09,237.498
15-07-2014,1294.45,80.39,11.96,0.09,237.498
16-07-2014,1299.37,80.56,11,0.09,237.498
17-07-2014,1318.25,80.5,14.54,0.09,237.498
18-07-2014,1310.9,80.52,12.06,0.09,237.498
19-07-2014,1310.9,80.52,12.06,0.09,237.498
20-07-2014,1310.9,80.52,12.06,0.09,237.498
21-07-2014,1311.9,80.56,12.81,0.1,237.498
22-07-2014,1307.35,80.78,12.24,0.09,237.498
23-07-2014,1304.15,80.82,11.52,0.09,237.498
24-07-2014,1293.35,80.87,11.84,0.09,237.498
25-07-2014,1308.05,81.03,12.69,0.09,237.498
26-07-2014,1308.05,81.03,12.69,0.09,237.498
27-07-2014,1308.05,81.03,12.69,0.09,237.498
28-07-2014,1304.25,81.03,12.56,0.09,237.498
29-07-2014,1298.75,81.21,13.28,0.09,237.498
30-07-2014,1295.05,81.43,13.33,0.09,237.498
31-07-2014,1282.35,81.46,16.95,0.08,237.498
01-08-2014,1294.1,81.3,17.03,0.09,237.46
02-08-2014,1294.1,81.3,17.03,0.09,237.46
03-08-2014,1294.1,81.3,17.03,0.09,237.46
04-08-2014,1288.35,81.33,15.12,0.09,237.46
05-08-2014,1288,81.33,16.87,0.09,237.46
06-08-2014,1306.25,81.44,16.37,0.09,237.46
07-08-2014,1313.55,81.52,16.66,0.09,237.46
08-08-2014,1309.6,81.45,15.77,0.09,237.46
09-08-2014,1309.6,81.45,15.77,0.09,237.46
10-08-2014,1309.6,81.45,15.77,0.09,237.46
11-08-2014,1308.1,81.47,14.23,0.09,237.46
12-08-2014,1308.6,81.5,14.13,0.09,237.46
13-08-2014,1312.86,81.6,12.9,0.09,237.46
14-08-2014,1313.24,81.59,12.42,0.09,237.46
15-08-2014,1304.6,81.42,13.15,0.09,237.46
16-08-2014,1304.6,81.42,13.15,0.09,237.46
17-08-2014,1304.6,81.42,13.15,0.09,237.46
18-08-2014,1297.46,81.58,12.32,0.09,237.46
19-08-2014,1295.5,81.88,12.21,0.09,237.46
20-08-2014,1292.15,82.23,11.78,0.09,237.46
21-08-2014,1277.25,82.15,11.76,0.09,237.46
22-08-2014,1281.23,82.34,11.47,0.09,237.46
23-08-2014,1281.23,82.34,11.47,0.09,237.46
24-08-2014,1281.23,82.34,11.47,0.09,237.46
25-08-2014,1276.6,82.55,11.7,0.09,237.46
26-08-2014,1280.9,82.65,11.63,0.09,237.46
27-08-2014,1282.95,82.43,11.78,0.09,237.46
28-08-2014,1290,82.48,12.05,0.09,237.46
29-08-2014,1287.57,82.75,11.98,0.07,237.46
30-08-2014,1287.57,82.75,11.98,0.07,237.46
31-08-2014,1287.57,82.75,11.98,0.07,237.46
01-09-2014,1287.3,82.75,11.98,0.07,237.477
02-09-2014,1265.9,82.99,12.25,0.09,237.477
03-09-2014,1269.07,82.86,12.36,0.09,237.477
04-09-2014,1261.1,83.82,12.64,0.09,237.477
05-09-2014,1268.85,83.74,12.09,0.09,237.477
06-09-2014,1268.85,83.74,12.09,0.09,237.477
07-09-2014,1268.85,83.74,12.09,0.09,237.477
08-09-2014,1255.7,84.23,12.66,0.09,237.477
09-09-2014,1256.2,84.28,13.5,0.09,237.477
10-09-2014,1248.75,84.28,12.88,0.09,237.477
11-09-2014,1240.75,84.3,12.8,0.09,237.477
12-09-2014,1228.63,84.24,13.31,0.09,237.477
13-09-2014,1228.63,84.24,13.31,0.09,237.477
14-09-2014,1228.63,84.24,13.31,0.09,237.477
15-09-2014,1233,84.26,14.12,0.09,237.477
16-09-2014,1235.2,84.07,12.73,0.09,237.477
17-09-2014,1223.25,84.34,12.65,0.09,237.477
18-09-2014,1225.45,84.32,12.03,0.09,237.477
19-09-2014,1216.45,84.73,12.11,0.09,237.477
20-09-2014,1216.45,84.73,12.11,0.09,237.477
21-09-2014,1216.45,84.73,12.11,0.09,237.477
22-09-2014,1215.05,84.75,13.69,0.09,237.477
23-09-2014,1222.95,84.66,14.93,0.09,237.477
24-09-2014,1217.05,85.04,13.27,0.09,237.477
25-09-2014,1222.62,85.19,15.64,0.09,237.477
26-09-2014,1219.51,85.64,14.85,0.09,237.477
27-09-2014,1219.51,85.64,14.85,0.09,237.477
28-09-2014,1219.51,85.64,14.85,0.09,237.477
29-09-2014,1215.95,85.59,15.98,0.08,237.477
30-09-2014,1209.24,85.94,16.31,0.07,237.477
01-10-2014,1213.65,85.97,16.71,0.09,237.43
02-10-2014,1213.5,85.6,16.16,0.09,237.43
03-10-2014,1191.2,86.69,14.55,0.09,237.43
04-10-2014,1191.2,86.69,14.55,0.09,237.43
05-10-2014,1191.2,86.69,14.55,0.09,237.43
06-10-2014,1207.15,85.93,15.46,0.09,237.43
07-10-2014,1209,85.67,17.2,0.09,237.43
08-10-2014,1221.7,85.3,15.11,0.09,237.43
09-10-2014,1224.15,85.52,18.76,0.08,237.43
10-10-2014,1223.48,85.91,21.24,0.09,237.43
11-10-2014,1223.48,85.91,21.24,0.09,237.43
12-10-2014,1223.48,85.91,21.24,0.09,237.43
13-10-2014,1237.15,85.53,24.64,0.09,237.43
14-10-2014,1232.75,85.82,22.79,0.09,237.43
15-10-2014,1241.07,85.15,26.25,0.09,237.43
16-10-2014,1239.1,84.95,25.2,0.09,237.43
17-10-2014,1238.19,85.11,21.99,0.09,237.43
18-10-2014,1238.19,85.11,21.99,0.09,237.43
19-10-2014,1238.19,85.11,21.99,0.09,237.43
20-10-2014,1246.6,84.95,18.57,0.09,237.43
21-10-2014,1249.3,85.3,16.08,0.09,237.43
22-10-2014,1241.03,85.74,17.87,0.09,237.43
23-10-2014,1232.15,85.84,16.53,0.09,237.43
24-10-2014,1231.46,85.73,16.11,0.09,237.43
25-10-2014,1231.46,85.73,16.11,0.09,237.43
26-10-2014,1231.46,85.73,16.11,0.09,237.43
27-10-2014,1225.4,85.5,16.04,0.09,237.43
28-10-2014,1228.4,85.41,14.39,0.09,237.43
29-10-2014,1211.8,85.95,15.15,0.09,237.43
30-10-2014,1198.9,86.15,14.52,0.09,237.43
31-10-2014,1174.42,86.92,14.03,0.07,237.43
01-11-2014,1174.42,86.92,14.03,0.07,236.983
02-11-2014,1174.42,86.92,14.03,0.07,236.983
03-11-2014,1165.35,87.31,14.73,0.09,236.983
04-11-2014,1168.3,86.98,14.89,0.1,236.983
05-11-2014,1141.4,87.44,14.17,0.09,236.983
06-11-2014,1141.2,88.01,13.67,0.09,236.983
07-11-2014,1176.65,87.64,13.12,0.09,236.983
08-11-2014,1176.65,87.64,13.12,0.09,236.983
09-11-2014,1176.65,87.64,13.12,0.09,236.983
10-11-2014,1150.6,87.81,12.67,0.09,236.983
11-11-2014,1164.8,87.53,12.92,0.09,236.983
12-11-2014,1160.92,87.82,13.02,0.09,236.983
13-11-2014,1161.96,87.67,13.79,0.09,236.983
14-11-2014,1188.25,87.53,13.31,0.09,236.983
15-11-2014,1188.25,87.53,13.31,0.09,236.983
16-11-2014,1188.25,87.53,13.31,0.09,236.983
17-11-2014,1186.55,87.93,13.99,0.1,236.983
18-11-2014,1197.55,87.58,13.86,0.11,236.983
19-11-2014,1183.3,87.65,13.96,0.1,236.983
20-11-2014,1193.75,87.59,13.58,0.1,236.983
21-11-2014,1201.4,88.31,12.9,0.1,236.983
22-11-2014,1201.4,88.31,12.9,0.1,236.983
23-11-2014,1201.4,88.31,12.9,0.1,236.983
24-11-2014,1197.4,88.15,12.62,0.1,236.983
25-11-2014,1201.19,87.92,12.25,0.1,236.983
26-11-2014,1197.9,87.61,12.07,0.1,236.983
27-11-2014,1191.75,87.61,12.07,0.1,236.983
28-11-2014,1167.35,88.36,13.33,0.08,236.983
29-11-2014,1167.35,88.36,13.33,0.08,236.983
30-11-2014,1167.35,88.36,13.33,0.08,236.983
01-12-2014,1210.9,87.95,14.29,0.13,236.252
02-12-2014,1199.01,88.65,12.85,0.12,236.252
03-12-2014,1209.64,88.96,12.47,0.12,236.252
04-12-2014,1205.78,88.7,12.38,0.12,236.252
05-12-2014,1192.05,89.33,11.82,0.12,236.252
06-12-2014,1192.05,89.33,11.82,0.12,236.252
07-12-2014,1192.05,89.33,11.82,0.12,236.252
08-12-2014,1203.2,89.04,14.21,0.12,236.252
09-12-2014,1230.85,88.69,14.89,0.12,236.252
10-12-2014,1226.75,88.27,18.53,0.12,236.252
11-12-2014,1227.95,88.66,20.08,0.12,236.252
12-12-2014,1222.6,88.36,21.08,0.12,236.252
13-12-2014,1222.6,88.36,21.08,0.12,236.252
14-12-2014,1222.6,88.36,21.08,0.12,236.252
15-12-2014,1192.6,88.46,20.42,0.11,236.252
16-12-2014,1196.6,88.12,23.57,0.12,236.252
17-12-2014,1188.7,89.13,19.44,0.13,236.252
18-12-2014,1198.4,89.23,16.81,0.13,236.252
19-12-2014,1195.95,89.6,16.49,0.13,236.252
20-12-2014,1195.95,89.6,16.49,0.13,236.252
21-12-2014,1195.95,89.6,16.49,0.13,236.252
22-12-2014,1175.05,89.77,15.25,0.13,236.252
23-12-2014,1175.68,90.06,14.8,0.13,236.252
24-12-2014,1173.8,89.97,14.37,0.13,236.252
25-12-2014,1173.8,89.97,14.37,0.13,236.252
26-12-2014,1195.4,90.03,14.5,0.13,236.252
27-12-2014,1195.4,90.03,14.5,0.13,236.252
28-12-2014,1195.4,90.03,14.5,0.13,236.252
29-12-2014,1183.1,90.19,15.06,0.13,236.252
30-12-2014,1200.24,89.99,15.92,0.13,236.252
31-12-2014,1183.95,90.27,19.2,0.06,236.252
01-01-2015,1181.97,90.27,19.2,0.06,234.747
02-01-2015,1189.18,91.08,17.79,0.12,234.747
03-01-2015,1189.18,91.08,17.79,0.12,234.747
04-01-2015,1189.18,91.08,17.79,0.12,234.747
05-01-2015,1204.45,91.38,19.92,0.12,234.747
06-01-2015,1219.2,91.5,21.12,0.12,234.747
07-01-2015,1210.8,91.89,19.31,0.12,234.747
08-01-2015,1208.98,92.37,17.01,0.12,234.747
09-01-2015,1223.4,91.94,17.55,0.12,234.747
10-01-2015,1223.4,91.94,17.55,0.12,234.747
11-01-2015,1223.4,91.94,17.55,0.12,234.747
12-01-2015,1233.64,91.98,19.6,0.12,234.747
13-01-2015,1230.88,92.31,20.56,0.12,234.747
14-01-2015,1229.95,92.16,21.48,0.12,234.747
15-01-2015,1261.64,92.35,22.39,0.12,234.747
16-01-2015,1280.3,92.52,20.95,0.13,234.747
17-01-2015,1280.3,92.52,20.95,0.13,234.747
18-01-2015,1280.3,92.52,20.95,0.13,234.747
19-01-2015,1277.08,92.52,20.95,0.13,234.747
20-01-2015,1293.94,93.05,19.89,0.12,234.747
21-01-2015,1293.44,92.9,18.85,0.12,234.747
22-01-2015,1301.73,94.08,16.4,0.12,234.747
23-01-2015,1294.55,94.76,16.66,0.12,234.747
24-01-2015,1294.55,94.76,16.66,0.12,234.747
25-01-2015,1294.55,94.76,16.66,0.12,234.747
26-01-2015,1281.24,94.8,15.52,0.12,234.747
27-01-2015,1292.35,94.02,17.22,0.11,234.747
28-01-2015,1285.1,94.47,20.44,0.12,234.747
29-01-2015,1257.25,94.78,18.76,0.11,234.747
30-01-2015,1283.55,94.8,20.97,0.06,234.747
31-01-2015,1283.55,94.8,20.97,0.06,234.747
01-02-2015,1283.55,94.8,20.97,0.06,235.342
02-02-2015,1275.44,94.5,19.43,0.12,235.342
03-02-2015,1260.2,93.6,17.33,0.12,235.342
04-02-2015,1270.05,93.99,18.33,0.11,235.342
05-02-2015,1264.7,93.57,16.85,0.12,235.342
06-02-2015,1233.72,95.85,17.29,0.11,235.342
07-02-2015,1233.72,95.85,17.29,0.11,235.342
08-02-2015,1233.72,95.85,17.29,0.11,235.342
09-02-2015,1239.68,94.45,18.55,0.12,235.342
10-02-2015,1234,94.76,17.23,0.12,235.342
11-02-2015,1219.16,94.98,16.96,0.12,235.342
12-02-2015,1222.5,94.09,15.34,0.12,235.342
13-02-2015,1229.7,94.2,14.69,0.12,235.342
14-02-2015,1229.7,94.2,14.69,0.12,235.342
15-02-2015,1229.7,94.2,14.69,0.12,235.342
16-02-2015,1231.47,94.2,14.69,0.12,235.342
17-02-2015,1209.4,94.06,15.8,0.12,235.342
18-02-2015,1212.99,94.2,15.45,0.12,235.342
19-02-2015,1207.45,94.4,15.29,0.12,235.342
20-02-2015,1202.39,94.34,14.3,0.12,235.342
21-02-2015,1202.39,94.34,14.3,0.12,235.342
22-02-2015,1202.39,94.34,14.3,0.12,235.342
23-02-2015,1201.92,94.57,14.56,0.11,235.342
24-02-2015,1199.89,94.49,13.69,0.11,235.342
25-02-2015,1204.8,94.21,13.84,0.11,235.342
26-02-2015,1209.05,95.29,13.91,0.11,235.342
27-02-2015,1213.15,95.32,13.34,0.06,235.342
28-02-2015,1213.15,95.32,13.34,0.06,235.342
01-03-2015,1213.15,95.32,13.34,0.06,235.976
02-03-2015,1207.1,95.46,13.04,0.12,235.976
03-03-2015,1203.8,95.38,13.86,0.12,235.976
04-03-2015,1199.85,95.97,14.23,0.11,235.976
05-03-2015,1198.6,96.38,14.04,0.11,235.976
06-03-2015,1167.21,97.61,15.2,0.12,235.976
07-03-2015,1167.21,97.61,15.2,0.12,235.976
08-03-2015,1167.21,97.61,15.2,0.12,235.976
09-03-2015,1167.3,97.59,15.06,0.12,235.976
10-03-2015,1161.93,98.62,16.69,0.12,235.976
11-03-2015,1154.8,99.8,16.87,0.11,235.976
12-03-2015,1153.7,99.44,15.42,0.11,235.976
13-03-2015,1159.48,100.33,16,0.11,235.976
14-03-2015,1159.48,100.33,16,0.11,235.976
15-03-2015,1159.48,100.33,16,0.11,235.976
16-03-2015,1154.59,99.6,15.61,0.12,235.976
17-03-2015,1149.3,99.58,15.66,0.12,235.976
18-03-2015,1167.25,98.55,13.97,0.11,235.976
19-03-2015,1171.3,99.26,14.07,0.12,235.976
20-03-2015,1182.68,97.91,13.02,0.12,235.976
21-03-2015,1182.68,97.91,13.02,0.12,235.976
22-03-2015,1182.68,97.91,13.02,0.12,235.976
23-03-2015,1189.3,97.03,13.41,0.12,235.976
24-03-2015,1193.13,97.19,13.62,0.11,235.976
25-03-2015,1195.45,96.98,15.44,0.12,235.976
26-03-2015,1204.38,97.44,15.8,0.11,235.976
27-03-2015,1199.3,97.29,15.07,0.12,235.976
28-03-2015,1199.3,97.29,15.07,0.12,235.976
29-03-2015,1199.3,97.29,15.07,0.12,235.976
30-03-2015,1186.2,97.97,14.51,0.12,235.976
31-03-2015,1183.5,98.36,15.29,0.06,235.976
01-04-2015,1204.1,98.19,15.11,0.12,236.222
02-04-2015,1202.59,97.44,14.67,0.12,236.222
03-04-2015,1210.9,96.55,14.67,0.12,236.222
04-04-2015,1210.9,96.55,14.67,0.12,236.222
05-04-2015,1210.9,96.55,14.67,0.12,236.222
06-04-2015,1214.7,96.78,14.74,0.13,236.222
07-04-2015,1208.6,97.83,14.78,0.12,236.222
08-04-2015,1202.8,97.94,13.98,0.12,236.222
09-04-2015,1195.01,99.16,13.09,0.12,236.222
10-04-2015,1208.05,99.34,12.58,0.12,236.222
11-04-2015,1208.05,99.34,12.58,0.12,236.222
12-04-2015,1208.05,99.34,12.58,0.12,236.222
13-04-2015,1198.85,99.49,13.94,0.13,236.222
14-04-2015,1193.58,98.73,13.67,0.13,236.222
15-04-2015,1202.05,98.32,12.84,0.13,236.222
16-04-2015,1197.65,97.42,12.6,0.13,236.222
17-04-2015,1204.65,97.52,13.89,0.13,236.222
18-04-2015,1204.65,97.52,13.89,0.13,236.222
19-04-2015,1204.65,97.52,13.89,0.13,236.222
20-04-2015,1196.5,97.94,13.3,0.13,236.222
21-04-2015,1202.68,98,13.25,0.13,236.222
22-04-2015,1187.3,97.93,12.71,0.13,236.222
23-04-2015,1194,97.28,12.48,0.13,236.222
24-04-2015,1179.38,96.92,12.29,0.13,236.222
25-04-2015,1179.38,96.92,12.29,0.13,236.222
26-04-2015,1179.38,96.92,12.29,0.13,236.222
27-04-2015,1202,96.77,13.12,0.13,236.222
28-04-2015,1212.1,96.09,12.41,0.13,236.222
29-04-2015,1204.8,95.21,13.39,0.13,236.222
30-04-2015,1184.37,94.6,14.55,0.08,236.222
01-05-2015,1178.5,95.3,12.7,0.13,237.001
02-05-2015,1178.5,95.3,12.7,0.13,237.001
03-05-2015,1178.5,95.3,12.7,0.13,237.001
04-05-2015,1188.25,95.48,12.85,0.13,237.001
05-05-2015,1193.33,95.08,14.31,0.13,237.001
06-05-2015,1191.8,94.09,15.15,0.13,237.001
07-05-2015,1184.8,94.64,15.13,0.13,237.001
08-05-2015,1188.15,94.79,12.86,0.13,237.001
09-05-2015,1188.15,94.79,12.86,0.13,237.001
10-05-2015,1188.15,94.79,12.86,0.13,237.001
11-05-2015,1184.2,95.01,13.85,0.13,237.001
12-05-2015,1193.5,94.53,13.86,0.13,237.001
13-05-2015,1215.73,93.62,13.76,0.13,237.001
14-05-2015,1221.52,93.46,12.74,0.13,237.001
15-05-2015,1223.85,93.14,12.38,0.13,237.001
16-05-2015,1223.85,93.14,12.38,0.13,237.001
17-05-2015,1223.85,93.14,12.38,0.13,237.001
18-05-2015,1225.74,94.22,12.73,0.13,237.001
19-05-2015,1207.51,95.27,12.85,0.12,237.001
20-05-2015,1209.28,95.45,12.88,0.12,237.001
21-05-2015,1206.45,95.25,12.11,0.12,237.001
22-05-2015,1206.38,96.11,12.13,0.13,237.001
23-05-2015,1206.38,96.11,12.13,0.13,237.001
24-05-2015,1206.38,96.11,12.13,0.13,237.001
25-05-2015,1207.17,96.01,12.13,0.13,237.001
26-05-2015,1187.3,97.3,14.06,0.12,237.001
27-05-2015,1188.15,97.37,13.27,0.12,237.001
28-05-2015,1188.45,96.97,13.31,0.12,237.001
29-05-2015,1190.5,96.91,13.84,0.08,237.001
30-05-2015,1190.5,96.91,13.84,0.08,237.001
31-05-2015,1190.5,96.91,13.84,0.08,237.001
01-06-2015,1189.15,97.39,13.97,0.12,237.657
02-06-2015,1193.38,95.83,14.24,0.12,237.657
03-06-2015,1185.5,95.47,13.66,0.13,237.657
04-06-2015,1176.26,95.46,14.71,0.13,237.657
05-06-2015,1172,96.31,14.21,0.13,237.657
06-06-2015,1172,96.31,14.21,0.13,237.657
07-06-2015,1172,96.31,14.21,0.13,237.657
08-06-2015,1173.95,95.3,15.29,0.13,237.657
09-06-2015,1176.7,95.17,14.47,0.13,237.657
10-06-2015,1186.48,94.65,13.22,0.13,237.657
11-06-2015,1182.3,94.98,12.85,0.13,237.657
12-06-2015,1180.8,94.97,13.78,0.13,237.657
13-06-2015,1180.8,94.97,13.78,0.13,237.657
14-06-2015,1180.8,94.97,13.78,0.13,237.657
15-06-2015,1186.4,94.81,15.39,0.13,237.657
16-06-2015,1181.86,95,14.81,0.14,237.657
17-06-2015,1185.45,94.3,14.5,0.14,237.657
18-06-2015,1201.42,94.04,13.19,0.14,237.657
19-06-2015,1200.51,94.08,13.96,0.13,237.657
20-06-2015,1200.51,94.08,13.96,0.13,237.657
21-06-2015,1200.51,94.08,13.96,0.13,237.657
22-06-2015,1185.45,94.33,12.74,0.13,237.657
23-06-2015,1178.44,95.43,12.11,0.13,237.657
24-06-2015,1175.2,95.26,13.26,0.13,237.657
25-06-2015,1173.33,95.19,14.01,0.13,237.657
26-06-2015,1175.07,95.47,14.02,0.13,237.657
27-06-2015,1175.07,95.47,14.02,0.13,237.657
28-06-2015,1175.07,95.47,14.02,0.13,237.657
29-06-2015,1180.36,94.79,18.85,0.14,237.657
30-06-2015,1172.6,95.48,18.23,0.08,237.657
01-07-2015,1168.8,96.31,16.09,0.13,238.034
02-07-2015,1166.15,96.11,16.79,0.13,238.034
03-07-2015,1167.94,96.11,16.79,0.13,238.034
04-07-2015,1167.94,96.11,16.79,0.13,238.034
05-07-2015,1167.94,96.11,16.79,0.13,238.034
06-07-2015,1170.15,96.3,17.01,0.13,238.034
07-07-2015,1155.55,96.86,16.09,0.13,238.034
08-07-2015,1158.28,96.29,19.66,0.13,238.034
09-07-2015,1159.65,96.61,19.97,0.13,238.034
10-07-2015,1163.96,96.03,16.83,0.13,238.034
11-07-2015,1163.96,96.03,16.83,0.13,238.034
12-07-2015,1163.96,96.03,16.83,0.13,238.034
13-07-2015,1158,96.86,13.9,0.13,238.034
14-07-2015,1155.53,96.64,13.37,0.13,238.034
15-07-2015,1149.65,97.17,13.23,0.13,238.034
16-07-2015,1145.15,97.67,12.11,0.14,238.034
17-07-2015,1134.1,97.86,11.95,0.13,238.034
18-07-2015,1134.1,97.86,11.95,0.13,238.034
19-07-2015,1134.1,97.86,11.95,0.13,238.034
20-07-2015,1096.95,98.03,12.25,0.14,238.034
21-07-2015,1101.41,97.33,12.22,0.13,238.034
22-07-2015,1093.45,97.6,12.12,0.13,238.034
23-07-2015,1090.8,97.11,12.64,0.13,238.034
24-07-2015,1099.1,97.24,13.74,0.13,238.034
25-07-2015,1099.1,97.24,13.74,0.13,238.034
26-07-2015,1099.1,97.24,13.74,0.13,238.034
27-07-2015,1094.42,96.5,15.6,0.14,238.034
28-07-2015,1095.35,96.77,13.44,0.14,238.034
29-07-2015,1096.69,96.98,12.5,0.14,238.034
30-07-2015,1088.99,97.56,12.13,0.14,238.034
31-07-2015,1095.65,97.34,12.12,0.08,238.034
01-08-2015,1095.65,97.34,12.12,0.08,238.033
02-08-2015,1095.65,97.34,12.12,0.08,238.033
03-08-2015,1086.5,97.49,12.56,0.14,238.033
04-08-2015,1087.45,97.93,13,0.14,238.033
05-08-2015,1085.05,97.96,12.51,0.14,238.033
06-08-2015,1089.41,97.83,13.77,0.14,238.033
07-08-2015,1094.2,97.56,13.39,0.14,238.033
08-08-2015,1094.2,97.56,13.39,0.14,238.033
09-08-2015,1094.2,97.56,13.39,0.14,238.033
10-08-2015,1104.51,97.16,12.23,0.14,238.033
11-08-2015,1109.01,97.29,13.71,0.15,238.033
12-08-2015,1125.3,96.26,13.61,0.15,238.033
13-08-2015,1115.05,96.44,13.49,0.15,238.033
14-08-2015,1114.11,96.52,12.83,0.14,238.033
15-08-2015,1114.11,96.52,12.83,0.14,238.033
16-08-2015,1114.11,96.52,12.83,0.14,238.033
17-08-2015,1117.66,96.81,13.02,0.15,238.033
18-08-2015,1118.01,97.04,13.79,0.15,238.033
19-08-2015,1134.46,96.36,15.25,0.15,238.033
20-08-2015,1153.16,95.98,19.14,0.15,238.033
21-08-2015,1161.05,95.01,28.03,0.15,238.033
22-08-2015,1161.05,95.01,28.03,0.15,238.033
23-08-2015,1161.05,95.01,28.03,0.15,238.033
24-08-2015,1155.05,93.33,40.74,0.15,238.033
25-08-2015,1140.65,94.53,36.02,0.15,238.033
26-08-2015,1125.55,95.1,30.32,0.14,238.033
27-08-2015,1125.71,95.61,26.1,0.14,238.033
28-08-2015,1133.96,96.11,26.05,0.14,238.033
29-08-2015,1133.96,96.11,26.05,0.14,238.033
30-08-2015,1133.96,96.11,26.05,0.14,238.033
31-08-2015,1134.5,95.82,28.43,0.08,238.033
01-09-2015,1140.11,95.45,31.4,0.14,237.498
02-09-2015,1134.05,95.83,26.09,0.14,237.498
03-09-2015,1125.25,96.41,25.61,0.14,237.498
04-09-2015,1123,96.23,27.8,0.14,237.498
05-09-2015,1123,96.23,27.8,0.14,237.498
06-09-2015,1123,96.23,27.8,0.14,237.498
07-09-2015,1119.47,96.23,27.8,0.14,237.498
08-09-2015,1121.8,95.98,24.9,0.14,237.498
09-09-2015,1106.1,96.01,26.23,0.14,237.498
10-09-2015,1111.55,95.46,24.37,0.14,237.498
11-09-2015,1107.9,95.19,23.2,0.14,237.498
12-09-2015,1107.9,95.19,23.2,0.14,237.498
13-09-2015,1107.9,95.19,23.2,0.14,237.498
14-09-2015,1108.8,95.25,24.25,0.14,237.498
15-09-2015,1105.4,95.61,22.54,0.14,237.498
16-09-2015,1119.55,95.42,21.35,0.14,237.498
17-09-2015,1131.4,94.55,21.14,0.14,237.498
18-09-2015,1139.4,94.86,22.28,0.14,237.498
19-09-2015,1139.4,94.86,22.28,0.14,237.498
20-09-2015,1139.4,94.86,22.28,0.14,237.498
21-09-2015,1133.3,95.89,20.14,0.14,237.498
22-09-2015,1124.8,96.28,22.44,0.14,237.498
23-09-2015,1130.4,96.07,22.13,0.14,237.498
24-09-2015,1154.01,96.69,23.47,0.14,237.498
25-09-2015,1146.24,96.27,23.62,0.13,237.498
26-09-2015,1146.24,96.27,23.62,0.13,237.498
27-09-2015,1146.24,96.27,23.62,0.13,237.498
28-09-2015,1132.05,96.03,27.63,0.13,237.498
29-09-2015,1127.46,95.86,26.83,0.13,237.498
30-09-2015,1115,96.35,24.5,0.07,237.498
01-10-2015,1113.55,96.19,22.55,0.13,237.733
02-10-2015,1138.14,95.83,20.94,0.13,237.733
03-10-2015,1138.14,95.83,20.94,0.13,237.733
04-10-2015,1138.14,95.83,20.94,0.13,237.733
05-10-2015,1135.75,96.11,19.54,0.13,237.733
06-10-2015,1147.11,95.45,19.4,0.13,237.733
07-10-2015,1145.4,95.5,18.4,0.13,237.733
08-10-2015,1138.96,95.32,17.42,0.13,237.733
09-10-2015,1157.53,94.81,17.08,0.13,237.733
10-10-2015,1157.53,94.81,17.08,0.13,237.733
11-10-2015,1157.53,94.81,17.08,0.13,237.733
12-10-2015,1164,94.84,16.17,0.13,237.733
13-10-2015,1168.8,94.76,17.67,0.13,237.733
14-10-2015,1185.19,93.93,18.03,0.13,237.733
15-10-2015,1183.11,94.37,16.05,0.13,237.733
16-10-2015,1177.2,94.54,15.05,0.13,237.733
17-10-2015,1177.2,94.54,15.05,0.13,237.733
18-10-2015,1177.2,94.54,15.05,0.13,237.733
19-10-2015,1170.45,94.93,14.98,0.13,237.733
20-10-2015,1176.11,94.91,15.75,0.13,237.733
21-10-2015,1167.1,95.03,16.7,0.13,237.733
22-10-2015,1166.05,96.38,14.45,0.12,237.733
23-10-2015,1164.26,97.13,14.46,0.12,237.733
24-10-2015,1164.26,97.13,14.46,0.12,237.733
25-10-2015,1164.26,97.13,14.46,0.12,237.733
26-10-2015,1163.2,96.86,15.29,0.12,237.733
27-10-2015,1166.95,96.91,15.43,0.12,237.733
28-10-2015,1156.1,97.78,14.33,0.12,237.733
29-10-2015,1145.91,97.28,14.61,0.12,237.733
30-10-2015,1142.38,96.95,15.07,0.07,237.733
31-10-2015,1142.38,96.95,15.07,0.07,237.733
01-11-2015,1142.38,96.95,15.07,0.07,238.017
02-11-2015,1133.75,96.93,14.15,0.12,238.017
03-11-2015,1117.6,97.16,14.54,0.12,238.017
04-11-2015,1107.44,97.95,15.51,0.12,238.017
05-11-2015,1103.95,97.94,15.05,0.12,238.017
06-11-2015,1088.64,99.17,14.33,0.12,238.017
07-11-2015,1088.64,99.17,14.33,0.12,238.017
08-11-2015,1088.64,99.17,14.33,0.12,238.017
09-11-2015,1092.1,98.98,16.52,0.12,238.017
10-11-2015,1089.91,99.29,15.29,0.12,238.017
11-11-2015,1086.14,99.01,16.06,0.12,238.017
12-11-2015,1085.05,98.65,18.37,0.12,238.017
13-11-2015,1083.64,99,20.08,0.12,238.017
14-11-2015,1083.64,99,20.08,0.12,238.017
15-11-2015,1083.64,99,20.08,0.12,238.017
16-11-2015,1082.85,99.44,18.16,0.13,238.017
17-11-2015,1070.37,99.63,18.84,0.13,238.017
18-11-2015,1071.14,99.65,16.85,0.12,238.017
19-11-2015,1082.4,98.99,16.99,0.12,238.017
20-11-2015,1078.1,99.56,15.47,0.12,238.017
21-11-2015,1078.1,99.56,15.47,0.12,238.017
22-11-2015,1078.1,99.56,15.47,0.12,238.017
23-11-2015,1069.34,99.8,15.62,0.12,238.017
24-11-2015,1075.49,99.53,15.93,0.12,238.017
25-11-2015,1071.39,99.8,15.19,0.12,238.017
26-11-2015,1072.25,99.8,15.19,0.12,238.017
27-11-2015,1058.81,100.02,15.12,0.12,238.017
28-11-2015,1058.81,100.02,15.12,0.12,238.017
29-11-2015,1058.81,100.02,15.12,0.12,238.017
30-11-2015,1064.42,100.17,16.13,0.08,238.017
01-12-2015,1069.49,99.8,14.67,0.13,237.761
02-12-2015,1053.69,99.99,15.91,0.13,237.761
03-12-2015,1062.57,97.62,18.11,0.13,237.761
04-12-2015,1086.99,98.35,14.81,0.13,237.761
05-12-2015,1086.99,98.35,14.81,0.13,237.761
06-12-2015,1086.99,98.35,14.81,0.13,237.761
07-12-2015,1070.39,98.66,15.84,0.13,237.761
08-12-2015,1074.69,98.47,17.6,0.13,237.761
09-12-2015,1073.21,97.34,19.61,0.14,237.761
10-12-2015,1071.54,97.94,19.34,0.14,237.761
11-12-2015,1074.89,97.56,24.39,0.14,237.761
12-12-2015,1074.89,97.56,24.39,0.14,237.761
13-12-2015,1074.89,97.56,24.39,0.14,237.761
14-12-2015,1062.9,97.6,22.73,0.15,237.761
15-12-2015,1060.74,98.22,20.95,0.15,237.761
16-12-2015,1072.94,97.87,17.86,0.15,237.761
17-12-2015,1051.74,99.27,18.94,0.37,237.761
18-12-2015,1066.19,98.7,20.7,0.37,237.761
19-12-2015,1066.19,98.7,20.7,0.37,237.761
20-12-2015,1066.19,98.7,20.7,0.37,237.761
21-12-2015,1078.44,98.36,18.7,0.36,237.761
22-12-2015,1072.36,98.23,16.6,0.36,237.761
23-12-2015,1070.35,98.34,15.57,0.36,237.761
24-12-2015,1075.88,97.98,15.74,0.36,237.761
25-12-2015,1075.88,97.98,15.74,0.36,237.761
26-12-2015,1075.88,97.98,15.74,0.36,237.761
27-12-2015,1075.88,97.98,15.74,0.36,237.761
28-12-2015,1069.05,97.92,16.91,0.36,237.761
29-12-2015,1068.99,98.1,16.08,0.36,237.761
30-12-2015,1061.45,98.27,17.29,0.35,237.761
31-12-2015,1061.3,98.63,18.21,0.2,237.761
01-01-2016,1060.74,98.63,18.21,0.2,237.652
02-01-2016,1060.74,98.63,18.21,0.2,237.652
03-01-2016,1060.74,98.63,18.21,0.2,237.652
04-01-2016,1074.7,98.87,20.7,0.36,237.652
05-01-2016,1077.66,99.4,19.34,0.36,237.652
06-01-2016,1094.45,99.18,20.59,0.36,237.652
07-01-2016,1109.25,98.22,24.99,0.36,237.652
08-01-2016,1104.24,98.54,27.01,0.36,237.652
09-01-2016,1104.24,98.54,27.01,0.36,237.652
10-01-2016,1104.24,98.54,27.01,0.36,237.652
11-01-2016,1094.26,98.72,24.3,0.36,237.652
12-01-2016,1087.05,98.97,22.47,0.36,237.652
13-01-2016,1093.49,98.93,25.22,0.36,237.652
14-01-2016,1078,99.09,23.95,0.36,237.652
15-01-2016,1089.1,98.96,27.02,0.36,237.652
16-01-2016,1089.1,98.96,27.02,0.36,237.652
17-01-2016,1089.1,98.96,27.02,0.36,237.652
18-01-2016,1088.9,98.96,27.02,0.36,237.652
19-01-2016,1087.12,98.99,26.05,0.36,237.652
20-01-2016,1101.02,99.09,27.59,0.37,237.652
21-01-2016,1101.6,99.06,26.69,0.37,237.652
22-01-2016,1098.3,99.57,22.34,0.38,237.652
23-01-2016,1098.3,99.57,22.34,0.38,237.652
24-01-2016,1098.3,99.57,22.34,0.38,237.652
25-01-2016,1108.05,99.36,24.15,0.38,237.652
26-01-2016,1120.57,99.36,22.5,0.38,237.652
27-01-2016,1125.59,98.9,23.11,0.38,237.652
28-01-2016,1115.14,98.51,22.42,0.38,237.652
29-01-2016,1118.04,99.61,20.2,0.29,237.652
30-01-2016,1118.04,99.61,20.2,0.29,237.652
31-01-2016,1118.04,99.61,20.2,0.29,237.652
01-02-2016,1128.85,99.01,19.98,0.38,237.336
02-02-2016,1129.12,98.87,21.98,0.38,237.336
03-02-2016,1142.93,97.29,21.65,0.38,237.336
04-02-2016,1155.74,96.47,21.84,0.38,237.336
05-02-2016,1173.69,97.03,23.38,0.38,237.336
06-02-2016,1173.69,97.03,23.38,0.38,237.336
07-02-2016,1173.69,97.03,23.38,0.38,237.336
08-02-2016,1191.14,96.57,26,0.38,237.336
09-02-2016,1188.85,96.07,26.54,0.38,237.336
10-02-2016,1197.49,95.89,26.29,0.38,237.336
11-02-2016,1246.89,95.56,28.14,0.38,237.336
12-02-2016,1238.05,95.94,25.4,0.38,237.336
13-02-2016,1238.05,95.94,25.4,0.38,237.336
14-02-2016,1238.05,95.94,25.4,0.38,237.336
15-02-2016,1209.95,95.98,25.4,0.38,237.336
16-02-2016,1200.35,96.87,24.11,0.38,237.336
17-02-2016,1209.14,96.79,22.31,0.37,237.336
18-02-2016,1232.35,96.95,21.64,0.38,237.336
19-02-2016,1228.19,96.6,20.53,0.38,237.336
20-02-2016,1228.19,96.6,20.53,0.38,237.336
21-02-2016,1228.19,96.6,20.53,0.38,237.336
22-02-2016,1208.74,97.38,19.38,0.38,237.336
23-02-2016,1227.46,97.48,20.98,0.38,237.336
24-02-2016,1229.35,97.46,20.72,0.38,237.336
25-02-2016,1234.64,97.29,19.11,0.37,237.336
26-02-2016,1222.6,98.15,19.81,0.37,237.336
27-02-2016,1222.6,98.15,19.81,0.37,237.336
28-02-2016,1222.6,98.15,19.81,0.37,237.336
29-02-2016,1238.14,98.21,20.55,0.29,237.336
01-03-2016,1232.26,98.35,17.7,0.36,238.08
02-03-2016,1240.3,98.21,17.09,0.37,238.08
03-03-2016,1263.69,97.59,16.7,0.37,238.08
04-03-2016,1259.44,97.34,16.86,0.36,238.08
05-03-2016,1259.44,97.34,16.86,0.36,238.08
06-03-2016,1259.44,97.34,16.86,0.36,238.08
07-03-2016,1267.39,97.07,17.35,0.36,238.08
08-03-2016,1261.1,97.21,18.67,0.36,238.08
09-03-2016,1252.94,97.17,18.34,0.36,238.08
10-03-2016,1271.44,96.07,18.05,0.36,238.08
11-03-2016,1248.44,96.17,16.5,0.36,238.08
12-03-2016,1248.44,96.17,16.5,0.36,238.08
13-03-2016,1248.44,96.17,16.5,0.36,238.08
14-03-2016,1235.28,96.62,16.92,0.36,238.08
15-03-2016,1232.38,96.63,16.84,0.37,238.08
16-03-2016,1263.08,95.89,14.99,0.37,238.08
17-03-2016,1257.9,94.76,14.44,0.37,238.08
18-03-2016,1255.3,95.09,14.02,0.37,238.08
19-03-2016,1255.3,95.09,14.02,0.37,238.08
20-03-2016,1255.3,95.09,14.02,0.37,238.08
21-03-2016,1243.74,95.29,13.79,0.37,238.08
22-03-2016,1248.38,95.65,14.17,0.37,238.08
23-03-2016,1220.17,96.05,14.94,0.37,238.08
24-03-2016,1216.99,96.14,14.74,0.37,238.08
25-03-2016,1216.47,96.14,14.74,0.37,238.08
26-03-2016,1216.47,96.14,14.74,0.37,238.08
27-03-2016,1216.47,96.14,14.74,0.37,238.08
28-03-2016,1221.05,95.94,15.24,0.37,238.08
29-03-2016,1242.55,95.16,13.82,0.37,238.08
30-03-2016,1224.85,94.84,13.56,0.37,238.08
31-03-2016,1232.7,94.59,13.95,0.25,238.08
01-04-2016,1222.49,94.62,13.1,0.37,238.992
02-04-2016,1222.49,94.62,13.1,0.37,238.992
03-04-2016,1222.49,94.62,13.1,0.37,238.992
04-04-2016,1215.4,94.51,14.12,0.37,238.992
05-04-2016,1231.14,94.63,15.42,0.37,238.992
06-04-2016,1222.35,94.43,14.09,0.37,238.992
07-04-2016,1240.69,94.48,16.16,0.37,238.992
08-04-2016,1240.39,94.23,15.36,0.37,238.992
09-04-2016,1240.39,94.23,15.36,0.37,238.992
10-04-2016,1240.39,94.23,15.36,0.37,238.992
11-04-2016,1257.95,93.95,16.26,0.37,238.992
12-04-2016,1255.94,93.96,14.85,0.37,238.992
13-04-2016,1243.14,94.74,13.84,0.37,238.992
14-04-2016,1227.39,94.9,13.72,0.37,238.992
15-04-2016,1234.05,94.7,13.62,0.37,238.992
16-04-2016,1234.05,94.7,13.62,0.37,238.992
17-04-2016,1234.05,94.7,13.62,0.37,238.992
18-04-2016,1231.55,94.49,13.35,0.37,238.992
19-04-2016,1250.5,93.98,13.24,0.37,238.992
20-04-2016,1244.05,94.49,13.28,0.37,238.992
21-04-2016,1248.85,94.6,13.95,0.37,238.992
22-04-2016,1232.3,95.12,13.22,0.37,238.992
23-04-2016,1232.3,95.12,13.22,0.37,238.992
24-04-2016,1232.3,95.12,13.22,0.37,238.992
25-04-2016,1237.9,94.84,14.08,0.37,238.992
26-04-2016,1243.44,94.57,13.96,0.37,238.992
27-04-2016,1246.1,94.39,13.77,0.37,238.992
28-04-2016,1266.48,93.76,15.22,0.37,238.992
29-04-2016,1293.74,93.08,15.7,0.3,238.992
30-04-2016,1293.74,93.08,15.7,0.3,238.992
01-05-2016,1293.74,93.08,15.7,0.3,239.557
02-05-2016,1291.6,92.63,14.68,0.37,239.557
03-05-2016,1286,92.94,15.6,0.37,239.557
04-05-2016,1279.49,93.18,16.05,0.37,239.557
05-05-2016,1278.05,93.78,15.91,0.37,239.557
06-05-2016,1288.7,93.89,14.72,0.37,239.557
07-05-2016,1288.7,93.89,14.72,0.37,239.557
08-05-2016,1288.7,93.89,14.72,0.37,239.557
09-05-2016,1263.85,94.13,14.57,0.37,239.557
10-05-2016,1266.4,94.29,13.63,0.37,239.557
11-05-2016,1277.69,93.82,14.69,0.37,239.557
12-05-2016,1263.49,94.15,14.41,0.37,239.557
13-05-2016,1273.6,94.61,15.04,0.37,239.557
14-05-2016,1273.6,94.61,15.04,0.37,239.557
15-05-2016,1273.6,94.61,15.04,0.37,239.557
16-05-2016,1273.86,94.57,14.68,0.37,239.557
17-05-2016,1280,94.55,15.57,0.37,239.557
18-05-2016,1258.3,95.08,15.95,0.37,239.557
19-05-2016,1255.1,95.29,16.33,0.37,239.557
20-05-2016,1252.3,95.33,15.2,0.37,239.557
21-05-2016,1252.3,95.33,15.2,0.37,239.557
22-05-2016,1252.3,95.33,15.2,0.37,239.557
23-05-2016,1249.24,95.23,15.82,0.37,239.557
24-05-2016,1227,95.57,14.42,0.37,239.557
25-05-2016,1224.18,95.35,13.9,0.37,239.557
26-05-2016,1220.15,95.17,13.43,0.37,239.557
27-05-2016,1212.4,95.52,13.12,0.37,239.557
28-05-2016,1212.4,95.52,13.12,0.37,239.557
29-05-2016,1212.4,95.52,13.12,0.37,239.557
30-05-2016,1205.58,95.52,13.12,0.37,239.557
31-05-2016,1215.24,95.89,14.19,0.29,239.557
01-06-2016,1213.35,95.45,14.2,0.37,240.222
02-06-2016,1210.95,95.56,13.63,0.37,240.222
03-06-2016,1244.49,94.03,13.47,0.37,240.222
04-06-2016,1244.49,94.03,13.47,0.37,240.222
05-06-2016,1244.49,94.03,13.47,0.37,240.222
06-06-2016,1245.24,93.9,13.65,0.37,240.222
07-06-2016,1243.85,93.83,14.05,0.37,240.222
08-06-2016,1262.14,93.59,14.08,0.37,240.222
09-06-2016,1269.15,93.95,14.64,0.37,240.222
10-06-2016,1274.2,94.57,17.03,0.37,240.222
11-06-2016,1274.2,94.57,17.03,0.37,240.222
12-06-2016,1274.2,94.57,17.03,0.37,240.222
13-06-2016,1284.05,94.36,20.97,0.37,240.222
14-06-2016,1285.85,94.93,20.5,0.37,240.222
15-06-2016,1291.49,94.61,20.14,0.37,240.222
16-06-2016,1279.14,94.57,19.37,0.38,240.222
17-06-2016,1298.6,94.21,19.41,0.38,240.222
18-06-2016,1298.6,94.21,19.41,0.38,240.222
19-06-2016,1298.6,94.21,19.41,0.38,240.222
20-06-2016,1290.15,93.61,18.37,0.38,240.222
21-06-2016,1268.44,94.02,18.48,0.38,240.222
22-06-2016,1266.31,93.72,21.17,0.38,240.222
23-06-2016,1255.65,93.53,17.25,0.39,240.222
24-06-2016,1315.98,95.45,25.76,0.4,240.222
25-06-2016,1315.98,95.45,25.76,0.4,240.222
26-06-2016,1315.98,95.45,25.76,0.4,240.222
27-06-2016,1324.8,96.54,23.85,0.41,240.222
28-06-2016,1312.51,96.25,18.75,0.41,240.222
29-06-2016,1318.89,95.77,16.64,0.41,240.222
30-06-2016,1322.18,96.14,15.63,0.3,240.222
01-07-2016,1342.3,95.65,14.77,0.41,240.101
02-07-2016,1342.3,95.65,14.77,0.41,240.101
03-07-2016,1342.3,95.65,14.77,0.41,240.101
04-07-2016,1350.78,95.65,14.77,0.41,240.101
05-07-2016,1356.14,96.17,15.58,0.4,240.101
06-07-2016,1363.89,96.05,14.96,0.4,240.101
07-07-2016,1360.6,96.33,14.76,0.4,240.101
08-07-2016,1366.8,96.3,13.2,0.4,240.101
09-07-2016,1366.8,96.3,13.2,0.4,240.101
10-07-2016,1366.8,96.3,13.2,0.4,240.101
11-07-2016,1355.25,96.57,13.54,0.4,240.101
12-07-2016,1331.65,96.44,13.55,0.4,240.101
13-07-2016,1342.85,96.22,13.04,0.4,240.101
14-07-2016,1335.1,96.08,12.82,0.4,240.101
15-07-2016,1337.85,96.58,12.67,0.4,240.101
16-07-2016,1337.85,96.58,12.67,0.4,240.101
17-07-2016,1337.85,96.58,12.67,0.4,240.101
18-07-2016,1328.79,96.56,12.44,0.4,240.101
19-07-2016,1332.13,97.06,11.97,0.4,240.101
20-07-2016,1315.95,97.2,11.77,0.4,240.101
21-07-2016,1331.09,97,12.74,0.4,240.101
22-07-2016,1322.38,97.47,12.02,0.4,240.101
23-07-2016,1322.38,97.47,12.02,0.4,240.101
24-07-2016,1322.38,97.47,12.02,0.4,240.101
25-07-2016,1315.56,97.29,12.87,0.4,240.101
26-07-2016,1320.32,97.16,13.05,0.4,240.101
27-07-2016,1339.86,97.05,12.83,0.4,240.101
28-07-2016,1335.79,96.74,12.72,0.4,240.101
29-07-2016,1350.91,95.53,11.87,0.3,240.101
30-07-2016,1350.91,95.53,11.87,0.3,240.101
31-07-2016,1350.91,95.53,11.87,0.3,240.101
01-08-2016,1353.21,95.71,12.44,0.4,240.545
02-08-2016,1363.68,95.06,13.37,0.4,240.545
03-08-2016,1357.9,95.56,12.86,0.4,240.545
04-08-2016,1361.2,95.76,12.42,0.4,240.545
05-08-2016,1335.8,96.19,11.39,0.4,240.545
06-08-2016,1335.8,96.19,11.39,0.4,240.545
07-08-2016,1335.8,96.19,11.39,0.4,240.545
08-08-2016,1335.38,96.4,11.5,0.4,240.545
09-08-2016,1340.75,96.18,11.66,0.4,240.545
10-08-2016,1346.67,95.65,12.05,0.4,240.545
11-08-2016,1338.87,95.86,11.68,0.4,240.545
12-08-2016,1336.19,95.72,11.55,0.4,240.545
13-08-2016,1336.19,95.72,11.55,0.4,240.545
14-08-2016,1336.19,95.72,11.55,0.4,240.545
15-08-2016,1339.36,95.63,11.81,0.4,240.545
16-08-2016,1346.08,94.79,12.64,0.4,240.545
17-08-2016,1348.66,94.72,12.19,0.4,240.545
18-08-2016,1352.34,94.16,11.43,0.4,240.545
19-08-2016,1341.78,94.51,11.34,0.4,240.545
20-08-2016,1341.78,94.51,11.34,0.4,240.545
21-08-2016,1341.78,94.51,11.34,0.4,240.545
22-08-2016,1339.02,94.52,12.27,0.4,240.545
23-08-2016,1338.1,94.54,12.38,0.4,240.545
24-08-2016,1323.75,94.79,13.45,0.4,240.545
25-08-2016,1321.7,94.77,13.63,0.4,240.545
26-08-2016,1321.33,95.57,13.65,0.4,240.545
27-08-2016,1321.33,95.57,13.65,0.4,240.545
28-08-2016,1321.33,95.57,13.65,0.4,240.545
29-08-2016,1323.41,95.58,12.94,0.4,240.545
30-08-2016,1311.15,96.05,13.12,0.4,240.545
31-08-2016,1308.95,96.02,13.42,0.3,240.545
01-09-2016,1313.79,95.65,13.48,0.4,241.176
02-09-2016,1325.01,95.84,11.98,0.4,241.176
03-09-2016,1325.01,95.84,11.98,0.4,241.176
04-09-2016,1325.01,95.84,11.98,0.4,241.176
05-09-2016,1327.08,95.84,11.98,0.4,241.176
06-09-2016,1349.88,94.82,12.02,0.4,241.176
07-09-2016,1345.24,94.96,11.94,0.4,241.176
08-09-2016,1338.35,95.03,12.51,0.4,241.176
09-09-2016,1328.15,95.34,17.5,0.4,241.176
10-09-2016,1328.15,95.34,17.5,0.4,241.176
11-09-2016,1328.15,95.34,17.5,0.4,241.176
12-09-2016,1327.63,95.09,15.16,0.4,241.176
13-09-2016,1319.05,95.63,17.85,0.4,241.176
14-09-2016,1322.97,95.33,18.14,0.4,241.176
15-09-2016,1314.25,95.29,16.3,0.4,241.176
16-09-2016,1310.43,96.11,15.37,0.4,241.176
17-09-2016,1310.43,96.11,15.37,0.4,241.176
18-09-2016,1310.43,96.11,15.37,0.4,241.176
19-09-2016,1313.39,95.84,15.53,0.4,241.176
20-09-2016,1315.1,96.02,15.92,0.4,241.176
21-09-2016,1336.85,95.66,13.3,0.4,241.176
22-09-2016,1337.3,95.45,12.02,0.4,241.176
23-09-2016,1337.61,95.48,12.29,0.4,241.176
24-09-2016,1337.61,95.48,12.29,0.4,241.176
25-09-2016,1337.61,95.48,12.29,0.4,241.176
26-09-2016,1337.97,95.3,14.5,0.4,241.176
27-09-2016,1327.36,95.44,13.1,0.4,241.176
28-09-2016,1321.41,95.43,12.39,0.4,241.176
29-09-2016,1320.27,95.53,14.02,0.4,241.176
30-09-2016,1315.96,95.46,13.29,0.29,241.176
01-10-2016,1315.96,95.46,13.29,0.29,241.741
02-10-2016,1315.96,95.46,13.29,0.29,241.741
03-10-2016,1311.96,95.69,13.57,0.4,241.741
04-10-2016,1268.3,96.17,13.63,0.4,241.741
05-10-2016,1266.7,96.12,12.99,0.4,241.741
06-10-2016,1254.74,96.77,12.84,0.4,241.741
07-10-2016,1256.97,96.63,13.48,0.4,241.741
08-10-2016,1256.97,96.63,13.48,0.4,241.741
09-10-2016,1256.97,96.63,13.48,0.4,241.741
10-10-2016,1259.74,96.93,13.38,0.4,241.741
11-10-2016,1253.25,97.69,15.36,0.41,241.741
12-10-2016,1255.33,97.97,15.91,0.41,241.741
13-10-2016,1258.12,97.52,16.69,0.41,241.741
14-10-2016,1250.55,98.02,16.12,0.41,241.741
15-10-2016,1250.55,98.02,16.12,0.41,241.741
16-10-2016,1250.55,98.02,16.12,0.41,241.741
17-10-2016,1255.7,97.89,16.21,0.41,241.741
18-10-2016,1262.84,97.89,15.28,0.41,241.741
19-10-2016,1269.4,97.92,14.41,0.41,241.741
20-10-2016,1266,98.31,13.75,0.41,241.741
21-10-2016,1266.75,98.69,13.34,0.41,241.741
22-10-2016,1266.75,98.69,13.34,0.41,241.741
23-10-2016,1266.75,98.69,13.34,0.41,241.741
24-10-2016,1264.44,98.76,13.02,0.41,241.741
25-10-2016,1274.35,98.72,13.46,0.41,241.741
26-10-2016,1266.99,98.63,14.24,0.41,241.741
27-10-2016,1268.3,98.89,15.36,0.41,241.741
28-10-2016,1276.3,98.35,16.19,0.41,241.741
29-10-2016,1276.3,98.35,16.19,0.41,241.741
30-10-2016,1276.3,98.35,16.19,0.41,241.741
31-10-2016,1277.38,98.44,17.06,0.31,241.741
01-11-2016,1288.15,97.7,18.56,0.41,242.026
02-11-2016,1297.39,97.4,19.32,0.41,242.026
03-11-2016,1303.75,97.16,22.08,0.41,242.026
04-11-2016,1304.25,97.06,22.51,0.41,242.026
05-11-2016,1304.25,97.06,22.51,0.41,242.026
06-11-2016,1304.25,97.06,22.51,0.41,242.026
07-11-2016,1281.41,97.78,18.71,0.41,242.026
08-11-2016,1275.64,97.86,18.74,0.41,242.026
09-11-2016,1278,98.5,14.38,0.41,242.026
10-11-2016,1259.76,98.78,14.74,0.41,242.026
11-11-2016,1225.68,99.06,14.17,0.41,242.026
12-11-2016,1225.68,99.06,14.17,0.41,242.026
13-11-2016,1225.68,99.06,14.17,0.41,242.026
14-11-2016,1220.26,100.11,14.48,0.41,242.026
15-11-2016,1228.08,100.23,13.37,0.41,242.026
16-11-2016,1225.3,100.41,13.72,0.41,242.026
17-11-2016,1216.39,100.89,13.35,0.41,242.026
18-11-2016,1208.69,101.21,12.85,0.41,242.026
19-11-2016,1208.69,101.21,12.85,0.41,242.026
20-11-2016,1208.69,101.21,12.85,0.41,242.026
21-11-2016,1214.05,101.05,12.42,0.41,242.026
22-11-2016,1212.24,101.04,12.41,0.41,242.026
23-11-2016,1187.77,101.7,12.43,0.41,242.026
24-11-2016,1184,101.7,12.43,0.41,242.026
25-11-2016,1183.63,101.49,12.34,0.41,242.026
26-11-2016,1183.63,101.49,12.34,0.41,242.026
27-11-2016,1183.63,101.49,12.34,0.41,242.026
28-11-2016,1193.44,101.33,13.15,0.41,242.026
29-11-2016,1188.46,100.93,12.9,0.41,242.026
30-11-2016,1173.11,101.5,13.33,0.31,242.026
01-12-2016,1171.3,101.04,14.07,0.41,242.637
02-12-2016,1176.92,100.77,14.12,0.41,242.637
03-12-2016,1176.92,100.77,14.12,0.41,242.637
04-12-2016,1176.92,100.77,14.12,0.41,242.637
05-12-2016,1170.26,100.09,12.14,0.41,242.637
06-12-2016,1169.74,100.49,11.79,0.41,242.637
07-12-2016,1174,100.23,12.22,0.41,242.637
08-12-2016,1170.55,101.1,12.64,0.41,242.637
09-12-2016,1157.87,101.59,11.75,0.41,242.637
10-12-2016,1157.87,101.59,11.75,0.41,242.637
11-12-2016,1157.87,101.59,11.75,0.41,242.637
12-12-2016,1162.21,101.03,12.64,0.41,242.637
13-12-2016,1158.35,101.07,12.72,0.41,242.637
14-12-2016,1144.25,101.76,13.19,0.41,242.637
15-12-2016,1128.43,103.02,12.79,0.66,242.637
16-12-2016,1134.09,102.95,12.2,0.66,242.637
17-12-2016,1134.09,102.95,12.2,0.66,242.637
18-12-2016,1134.09,102.95,12.2,0.66,242.637
19-12-2016,1139.05,103.14,11.71,0.66,242.637
20-12-2016,1132.2,103.29,11.45,0.66,242.637
21-12-2016,1131.8,103.02,11.27,0.66,242.637
22-12-2016,1128.69,103.09,11.43,0.66,242.637
23-12-2016,1133.49,103.01,11.44,0.66,242.637
24-12-2016,1133.49,103.01,11.44,0.66,242.637
25-12-2016,1133.49,103.01,11.44,0.66,242.637
26-12-2016,1133.94,103.01,11.44,0.66,242.637
27-12-2016,1139.35,103.02,11.99,0.66,242.637
28-12-2016,1142.45,103.3,12.95,0.66,242.637
29-12-2016,1158.32,102.68,13.37,0.66,242.637
30-12-2016,1151.85,102.21,14.04,0.55,242.637
31-12-2016,1151.85,102.21,14.04,0.55,242.637
01-01-2017,1151.85,102.21,14.04,0.55,243.618
02-01-2017,1150.52,102.83,14.04,0.55,243.618
03-01-2017,1158.91,103.21,12.85,0.66,243.618
04-01-2017,1163.8,102.7,11.85,0.66,243.618
05-01-2017,1180.48,101.52,11.67,0.66,243.618
06-01-2017,1172.81,102.22,11.32,0.66,243.618
07-01-2017,1172.81,102.22,11.32,0.66,243.618
08-01-2017,1172.81,102.22,11.32,0.66,243.618
09-01-2017,1181.27,101.93,11.56,0.66,243.618
10-01-2017,1187.74,102.01,11.49,0.66,243.618
11-01-2017,1191.85,101.78,11.26,0.66,243.618
12-01-2017,1195.66,101.35,11.54,0.66,243.618
13-01-2017,1197.66,101.18,11.23,0.66,243.618
14-01-2017,1197.66,101.18,11.23,0.66,243.618
15-01-2017,1197.66,101.18,11.23,0.66,243.618
16-01-2017,1203.17,101.18,11.23,0.66,243.618
17-01-2017,1216.54,100.33,11.87,0.66,243.618
18-01-2017,1203.64,100.93,12.48,0.66,243.618
19-01-2017,1205.14,101.15,12.78,0.66,243.618
20-01-2017,1209.96,100.74,11.54,0.66,243.618
21-01-2017,1209.96,100.74,11.54,0.66,243.618
22-01-2017,1209.96,100.74,11.54,0.66,243.618
23-01-2017,1217.48,100.16,11.77,0.66,243.618
24-01-2017,1208.81,100.35,11.07,0.66,243.618
25-01-2017,1200.31,100.03,10.81,0.66,243.618
26-01-2017,1188.57,100.38,10.63,0.66,243.618
27-01-2017,1191.6,100.53,10.58,0.66,243.618
28-01-2017,1191.6,100.53,10.58,0.66,243.618
29-01-2017,1191.6,100.53,10.58,0.66,243.618
30-01-2017,1195.35,100.43,11.88,0.66,243.618
31-01-2017,1210.63,99.51,11.99,0.56,243.618
01-02-2017,1209.49,99.64,11.81,0.66,244.006
02-02-2017,1215.93,99.79,11.93,0.66,244.006
03-02-2017,1219.88,99.87,10.97,0.66,244.006
04-02-2017,1219.88,99.87,10.97,0.66,244.006
05-02-2017,1219.88,99.87,10.97,0.66,244.006
06-02-2017,1235.59,99.91,11.37,0.66,244.006
07-02-2017,1233.72,100.26,11.29,0.66,244.006
08-02-2017,1241.99,100.28,11.45,0.66,244.006
09-02-2017,1230.89,100.65,10.88,0.66,244.006
10-02-2017,1234.12,100.8,10.85,0.66,244.006
11-02-2017,1234.12,100.8,10.85,0.66,244.006
12-02-2017,1234.12,100.8,10.85,0.66,244.006
13-02-2017,1225.44,100.96,11.07,0.66,244.006
14-02-2017,1228.61,101.25,10.74,0.66,244.006
15-02-2017,1232.94,101.18,11.97,0.66,244.006
16-02-2017,1239.14,100.44,11.76,0.66,244.006
17-02-2017,1235.29,100.95,11.49,0.66,244.006
18-02-2017,1235.29,100.95,11.49,0.66,244.006
19-02-2017,1235.29,100.95,11.49,0.66,244.006
20-02-2017,1238.38,100.95,11.49,0.66,244.006
21-02-2017,1235.97,101.37,11.57,0.66,244.006
22-02-2017,1237.69,101.22,11.74,0.66,244.006
23-02-2017,1249.41,101.05,11.71,0.66,244.006
24-02-2017,1256.94,101.09,11.47,0.66,244.006
25-02-2017,1256.94,101.09,11.47,0.66,244.006
26-02-2017,1256.94,101.09,11.47,0.66,244.006
27-02-2017,1252.76,101.13,12.09,0.66,244.006
28-02-2017,1248.59,101.12,12.92,0.57,244.006
01-03-2017,1248.94,101.78,12.54,0.66,243.892
02-03-2017,1235.3,102.2,11.81,0.66,243.892
03-03-2017,1234.3,101.54,10.96,0.66,243.892
04-03-2017,1234.3,101.54,10.96,0.66,243.892
05-03-2017,1234.3,101.54,10.96,0.66,243.892
06-03-2017,1225.96,101.64,11.24,0.66,243.892
07-03-2017,1215.67,101.81,11.45,0.66,243.892
08-03-2017,1207.58,102.07,11.86,0.66,243.892
09-03-2017,1200.83,101.85,12.3,0.66,243.892
10-03-2017,1204.55,101.25,11.66,0.66,243.892
11-03-2017,1204.55,101.25,11.66,0.66,243.892
12-03-2017,1204.55,101.25,11.66,0.66,243.892
13-03-2017,1204.05,101.31,11.35,0.66,243.892
14-03-2017,1199.08,101.7,12.3,0.66,243.892
15-03-2017,1219.4,100.74,11.63,0.66,243.892
16-03-2017,1226.78,100.36,11.21,0.91,243.892
17-03-2017,1229.15,100.3,11.28,0.91,243.892
18-03-2017,1229.15,100.3,11.28,0.91,243.892
19-03-2017,1229.15,100.3,11.28,0.91,243.892
20-03-2017,1233.9,100.41,11.34,0.91,243.892
21-03-2017,1245,99.81,12.47,0.91,243.892
22-03-2017,1249.35,99.68,12.81,0.91,243.892
23-03-2017,1245.3,99.76,13.12,0.91,243.892
24-03-2017,1244.17,99.63,12.96,0.91,243.892
25-03-2017,1244.17,99.63,12.96,0.91,243.892
26-03-2017,1244.17,99.63,12.96,0.91,243.892
27-03-2017,1254.3,99.17,12.5,0.91,243.892
28-03-2017,1251.63,99.71,11.53,0.91,243.892
29-03-2017,1252.45,100,11.42,0.91,243.892
30-03-2017,1243.3,100.41,11.54,0.91,243.892
31-03-2017,1249.13,100.35,12.37,0.82,243.892
01-04-2017,1249.13,100.35,12.37,0.82,244.193
02-04-2017,1249.13,100.35,12.37,0.82,244.193
03-04-2017,1253.35,100.54,12.38,0.91,244.193
04-04-2017,1256.22,100.54,11.79,0.91,244.193
05-04-2017,1255.3,100.56,12.89,0.91,244.193
06-04-2017,1251.8,100.67,12.39,0.91,244.193
07-04-2017,1254.05,101.18,12.87,0.91,244.193
08-04-2017,1254.05,101.18,12.87,0.91,244.193
09-04-2017,1254.05,101.18,12.87,0.91,244.193
10-04-2017,1254.73,101.02,14.05,0.91,244.193
11-04-2017,1274.44,100.71,15.07,0.91,244.193
12-04-2017,1286.6,100.78,15.77,0.91,244.193
13-04-2017,1287.74,100.56,15.96,0.91,244.193
14-04-2017,1285.69,100.56,15.96,0.91,244.193
15-04-2017,1285.69,100.56,15.96,0.91,244.193
16-04-2017,1285.69,100.56,15.96,0.91,244.193
17-04-2017,1284.8,100.29,14.66,0.91,244.193
18-04-2017,1289.64,99.5,14.42,0.91,244.193
19-04-2017,1279.66,99.74,14.93,0.91,244.193
20-04-2017,1281.85,99.78,14.15,0.91,244.193
21-04-2017,1284.5,99.98,14.63,0.91,244.193
22-04-2017,1284.5,99.98,14.63,0.91,244.193
23-04-2017,1284.5,99.98,14.63,0.91,244.193
24-04-2017,1275.3,99.09,10.84,0.91,244.193
25-04-2017,1263.76,98.78,10.76,0.91,244.193
26-04-2017,1269.05,99.05,10.85,0.91,244.193
27-04-2017,1264.6,99.08,10.36,0.91,244.193
28-04-2017,1268.15,99.05,10.82,0.83,244.193
29-04-2017,1268.15,99.05,10.82,0.83,244.193
30-04-2017,1268.15,99.05,10.82,0.83,244.193
01-05-2017,1256.8,99.08,10.11,0.91,244.004
02-05-2017,1256.9,98.98,10.59,0.91,244.004
03-05-2017,1238.38,99.21,10.68,0.91,244.004
04-05-2017,1227.75,98.8,10.46,0.91,244.004
05-05-2017,1227.74,98.65,10.57,0.91,244.004
06-05-2017,1227.74,98.65,10.57,0.91,244.004
07-05-2017,1227.74,98.65,10.57,0.91,244.004
08-05-2017,1226.3,99.06,9.77,0.91,244.004
09-05-2017,1221.3,99.66,9.96,0.91,244.004
10-05-2017,1219.15,99.67,10.21,0.91,244.004
11-05-2017,1224.85,99.62,10.6,0.91,244.004
12-05-2017,1228.83,99.25,10.4,0.91,244.004
13-05-2017,1228.83,99.25,10.4,0.91,244.004
14-05-2017,1228.83,99.25,10.4,0.91,244.004
15-05-2017,1230.71,98.91,10.42,0.91,244.004
16-05-2017,1236.8,98.11,10.65,0.91,244.004
17-05-2017,1260.74,97.58,15.59,0.91,244.004
18-05-2017,1247.05,97.88,14.66,0.91,244.004
19-05-2017,1255.55,97.14,12.04,0.91,244.004
20-05-2017,1255.55,97.14,12.04,0.91,244.004
21-05-2017,1255.55,97.14,12.04,0.91,244.004
22-05-2017,1260.46,96.98,10.93,0.91,244.004
23-05-2017,1251.16,97.35,10.72,0.91,244.004
24-05-2017,1258.55,97.24,10.02,0.91,244.004
25-05-2017,1255.76,97.25,9.99,0.91,244.004
26-05-2017,1267.05,97.44,9.81,0.91,244.004
27-05-2017,1267.05,97.44,9.81,0.91,244.004
28-05-2017,1267.05,97.44,9.81,0.91,244.004
29-05-2017,1266.97,97.44,9.81,0.91,244.004
30-05-2017,1263.1,97.28,10.38,0.91,244.004
31-05-2017,1268.59,96.92,10.41,0.83,244.004
01-06-2017,1265.64,97.2,9.89,0.91,244.163
02-06-2017,1279.98,96.72,9.75,0.91,244.163
03-06-2017,1279.98,96.72,9.75,0.91,244.163
04-06-2017,1279.98,96.72,9.75,0.91,244.163
05-06-2017,1279.95,96.8,10.07,0.91,244.163
06-06-2017,1294,96.64,10.45,0.91,244.163
07-06-2017,1286.91,96.75,10.39,0.91,244.163
08-06-2017,1278.9,96.92,10.16,0.91,244.163
09-06-2017,1266.4,97.27,10.7,0.91,244.163
10-06-2017,1266.4,97.27,10.7,0.91,244.163
11-06-2017,1266.4,97.27,10.7,0.91,244.163
12-06-2017,1265.74,97.14,11.46,0.91,244.163
13-06-2017,1265.85,96.97,10.42,0.91,244.163
14-06-2017,1261.18,96.94,10.64,0.91,244.163
15-06-2017,1254,97.43,10.9,1.16,244.163
16-06-2017,1253.63,97.16,10.38,1.16,244.163
17-06-2017,1253.63,97.16,10.38,1.16,244.163
18-06-2017,1253.63,97.16,10.38,1.16,244.163
19-06-2017,1243.25,97.55,10.37,1.16,244.163
20-06-2017,1243.19,97.76,10.86,1.16,244.163
21-06-2017,1246.55,97.56,10.75,1.16,244.163
22-06-2017,1250.62,97.59,10.48,1.16,244.163
23-06-2017,1256.9,97.26,10.02,1.16,244.163
24-06-2017,1256.9,97.26,10.02,1.16,244.163
25-06-2017,1256.9,97.26,10.02,1.16,244.163
26-06-2017,1244.45,97.43,9.9,1.16,244.163
27-06-2017,1247.1,96.39,11.06,1.16,244.163
28-06-2017,1249.32,96.01,10.03,1.16,244.163
29-06-2017,1245.74,95.63,11.44,1.16,244.163
30-06-2017,1241.6,95.63,11.18,1.06,244.163
01-07-2017,1241.6,95.63,11.18,1.06,244.243
02-07-2017,1241.6,95.63,11.18,1.06,244.243
03-07-2017,1220.46,96.22,11.22,1.16,244.243
04-07-2017,1223.97,96.22,11.22,1.16,244.243
05-07-2017,1226.95,96.29,11.07,1.16,244.243
06-07-2017,1225.15,95.8,12.54,1.16,244.243
07-07-2017,1212.9,96.01,11.19,1.16,244.243
08-07-2017,1212.9,96.01,11.19,1.16,244.243
09-07-2017,1212.9,96.01,11.19,1.16,244.243
10-07-2017,1214.35,96.02,11.11,1.16,244.243
11-07-2017,1217.69,95.67,10.89,1.16,244.243
12-07-2017,1220,95.76,10.3,1.16,244.243
13-07-2017,1217.45,95.73,9.9,1.16,244.243
14-07-2017,1228.98,95.15,9.51,1.16,244.243
15-07-2017,1228.98,95.15,9.51,1.16,244.243
16-07-2017,1228.98,95.15,9.51,1.16,244.243
17-07-2017,1234.4,95.13,9.82,1.16,244.243
18-07-2017,1242.46,94.6,9.89,1.16,244.243
19-07-2017,1240.87,94.78,9.79,1.16,244.243
20-07-2017,1244.74,94.31,9.58,1.16,244.243
21-07-2017,1254.9,93.86,9.36,1.16,244.243
22-07-2017,1254.9,93.86,9.36,1.16,244.243
23-07-2017,1254.9,93.86,9.36,1.16,244.243
24-07-2017,1255.24,93.98,9.43,1.16,244.243
25-07-2017,1249.05,94.05,9.43,1.16,244.243
26-07-2017,1261.1,93.67,9.6,1.16,244.243
27-07-2017,1259,93.86,10.11,1.16,244.243
28-07-2017,1269.25,93.26,10.29,1.16,244.243
29-07-2017,1269.25,93.26,10.29,1.16,244.243
30-07-2017,1269.25,93.26,10.29,1.16,244.243
31-07-2017,1269.55,92.86,10.26,1.07,244.243
01-08-2017,1269.05,93.04,10.09,1.16,245.183
02-08-2017,1266.7,92.84,10.28,1.16,245.183
03-08-2017,1268.65,92.84,10.44,1.16,245.183
04-08-2017,1258.6,93.54,10.03,1.16,245.183
05-08-2017,1258.6,93.54,10.03,1.16,245.183
06-08-2017,1258.6,93.54,10.03,1.16,245.183
07-08-2017,1257.69,93.43,9.93,1.16,245.183
08-08-2017,1260.64,93.65,10.96,1.16,245.183
09-08-2017,1277.55,93.55,11.11,1.16,245.183
10-08-2017,1286.9,93.4,16.04,1.16,245.183
11-08-2017,1289.21,93.07,15.51,1.16,245.183
12-08-2017,1289.21,93.07,15.51,1.16,245.183
13-08-2017,1289.21,93.07,15.51,1.16,245.183
14-08-2017,1281.95,93.41,12.33,1.16,245.183
15-08-2017,1272.13,93.85,12.04,1.16,245.183
16-08-2017,1283.1,93.54,11.74,1.16,245.183
17-08-2017,1288.01,93.62,15.55,1.16,245.183
18-08-2017,1284.5,93.43,14.26,1.16,245.183
19-08-2017,1284.5,93.43,14.26,1.16,245.183
20-08-2017,1284.5,93.43,14.26,1.16,245.183
21-08-2017,1291.22,93.09,13.19,1.16,245.183
22-08-2017,1284.72,93.55,11.35,1.16,245.183
23-08-2017,1290.62,93.15,12.25,1.16,245.183
24-08-2017,1286.33,93.28,12.23,1.16,245.183
25-08-2017,1291.15,92.74,11.28,1.16,245.183
26-08-2017,1291.15,92.74,11.28,1.16,245.183
27-08-2017,1291.15,92.74,11.28,1.16,245.183
28-08-2017,1310.49,92.21,11.32,1.16,245.183
29-08-2017,1309.5,92.25,11.7,1.16,245.183
30-08-2017,1308.76,92.88,11.22,1.16,245.183
31-08-2017,1322.07,92.67,10.59,1.07,245.183
01-09-2017,1324.97,92.81,10.13,1.16,246.435
02-09-2017,1324.97,92.81,10.13,1.16,246.435
03-09-2017,1324.97,92.81,10.13,1.16,246.435
04-09-2017,1334.67,92.64,10.13,1.16,246.435
05-09-2017,1339.33,92.25,12.23,1.16,246.435
06-09-2017,1334.14,92.29,11.63,1.16,246.435
07-09-2017,1349.2,91.66,11.55,1.16,246.435
08-09-2017,1346.71,91.35,12.12,1.16,246.435
09-09-2017,1346.71,91.35,12.12,1.16,246.435
10-09-2017,1346.71,91.35,12.12,1.16,246.435
11-09-2017,1327.32,91.9,10.73,1.16,246.435
12-09-2017,1331.94,91.88,10.58,1.16,246.435
13-09-2017,1323.25,92.52,10.5,1.16,246.435
14-09-2017,1329.83,92.12,10.44,1.16,246.435
15-09-2017,1319.62,91.87,10.17,1.16,246.435
16-09-2017,1319.62,91.87,10.17,1.16,246.435
17-09-2017,1319.62,91.87,10.17,1.16,246.435
18-09-2017,1307.57,92.05,10.15,1.16,246.435
19-09-2017,1311.28,91.79,10.18,1.16,246.435
20-09-2017,1301.15,92.51,9.78,1.16,246.435
21-09-2017,1291.39,92.19,9.67,1.16,246.435
22-09-2017,1297.38,92.17,9.59,1.16,246.435
23-09-2017,1297.38,92.17,9.59,1.16,246.435
24-09-2017,1297.38,92.17,9.59,1.16,246.435
25-09-2017,1310.55,92.65,10.21,1.16,246.435
26-09-2017,1293.89,92.97,10.17,1.16,246.435
27-09-2017,1281.12,93.36,9.87,1.16,246.435
28-09-2017,1287.3,93.08,9.55,1.16,246.435
29-09-2017,1279.45,93.08,9.51,1.06,246.435
30-09-2017,1279.45,93.08,9.51,1.06,246.435
01-10-2017,1279.45,93.08,9.51,1.06,246.626
02-10-2017,1271.12,93.56,9.45,1.16,246.626
03-10-2017,1271.75,93.57,9.51,1.16,246.626
04-10-2017,1274.69,93.46,9.63,1.16,246.626
05-10-2017,1268.05,93.96,9.19,1.16,246.626
06-10-2017,1276.03,93.8,9.65,1.16,246.626
07-10-2017,1276.03,93.8,9.65,1.16,246.626
08-10-2017,1276.03,93.8,9.65,1.16,246.626
09-10-2017,1284.1,93.67,10.33,1.16,246.626
10-10-2017,1287.85,93.29,10.08,1.16,246.626
11-10-2017,1291.8,93.02,9.85,1.16,246.626
12-10-2017,1293.6,93.06,9.91,1.16,246.626
13-10-2017,1304.88,93.09,9.61,1.16,246.626
14-10-2017,1304.88,93.09,9.61,1.16,246.626
15-10-2017,1304.88,93.09,9.61,1.16,246.626
16-10-2017,1294.74,93.31,9.91,1.16,246.626
17-10-2017,1285.19,93.51,10.31,1.16,246.626
18-10-2017,1281.17,93.36,10.07,1.16,246.626
19-10-2017,1289.79,93.16,10.05,1.16,246.626
20-10-2017,1280.72,93.7,9.97,1.16,246.626
21-10-2017,1280.72,93.7,9.97,1.16,246.626
22-10-2017,1280.72,93.7,9.97,1.16,246.626
23-10-2017,1282.07,93.94,11.07,1.16,246.626
24-10-2017,1276.72,93.77,11.16,1.16,246.626
25-10-2017,1277.41,93.71,11.23,1.16,246.626
26-10-2017,1267.11,94.61,11.3,1.16,246.626
27-10-2017,1273.35,94.92,9.8,1.16,246.626
28-10-2017,1273.35,94.92,9.8,1.16,246.626
29-10-2017,1273.35,94.92,9.8,1.16,246.626
30-10-2017,1276.24,94.56,10.5,1.16,246.626
31-10-2017,1271.58,94.55,10.18,1.07,246.626
01-11-2017,1274.39,94.81,10.2,1.16,247.284
02-11-2017,1275.99,94.69,9.93,1.16,247.284
03-11-2017,1269.85,94.94,9.14,1.16,247.284
04-11-2017,1269.85,94.94,9.14,1.16,247.284
05-11-2017,1269.85,94.94,9.14,1.16,247.284
06-11-2017,1281.55,94.76,9.4,1.16,247.284
07-11-2017,1275.53,94.91,9.89,1.16,247.284
08-11-2017,1281.3,94.87,9.78,1.16,247.284
09-11-2017,1285.3,94.44,10.5,1.16,247.284
10-11-2017,1276.14,94.39,11.29,1.16,247.284
11-11-2017,1276.14,94.39,11.29,1.16,247.284
12-11-2017,1276.14,94.39,11.29,1.16,247.284
13-11-2017,1277.99,94.49,11.5,1.16,247.284
14-11-2017,1280.71,93.83,11.59,1.16,247.284
15-11-2017,1278.8,93.81,13.13,1.16,247.284
16-11-2017,1278.47,93.93,11.76,1.16,247.284
17-11-2017,1294.37,93.66,11.43,1.16,247.284
18-11-2017,1294.37,93.66,11.43,1.16,247.284
19-11-2017,1294.37,93.66,11.43,1.16,247.284
20-11-2017,1276.7,94.08,10.65,1.16,247.284
21-11-2017,1280.48,93.95,9.73,1.16,247.284
22-11-2017,1292.12,93.22,9.88,1.16,247.284
23-11-2017,1291.25,93.22,9.88,1.16,247.284
24-11-2017,1288.22,92.78,9.67,1.16,247.284
25-11-2017,1288.22,92.78,9.67,1.16,247.284
26-11-2017,1288.22,92.78,9.67,1.16,247.284
27-11-2017,1294.5,92.9,9.87,1.16,247.284
28-11-2017,1294.01,93.27,10.03,1.16,247.284
29-11-2017,1283.57,93.16,10.7,1.16,247.284
30-11-2017,1274.76,93.05,11.28,1.07,247.284
01-12-2017,1280.26,92.89,11.43,1.16,247.805
02-12-2017,1280.26,92.89,11.43,1.16,247.805
03-12-2017,1280.26,92.89,11.43,1.16,247.805
04-12-2017,1276.23,93.19,11.68,1.16,247.805
05-12-2017,1266.55,93.38,11.33,1.16,247.805
06-12-2017,1263.94,93.61,11.02,1.16,247.805
07-12-2017,1246.7,93.8,10.16,1.16,247.805
08-12-2017,1248.14,93.9,9.58,1.16,247.805
09-12-2017,1248.14,93.9,9.58,1.16,247.805
10-12-2017,1248.14,93.9,9.58,1.16,247.805
11-12-2017,1241.96,93.87,9.34,1.16,247.805
12-12-2017,1243.85,94.1,9.92,1.17,247.805
13-12-2017,1255.45,93.43,10.18,1.17,247.805
14-12-2017,1252.85,93.49,10.49,1.41,247.805
15-12-2017,1255.26,93.93,9.42,1.41,247.805
16-12-2017,1255.26,93.93,9.42,1.41,247.805
17-12-2017,1255.26,93.93,9.42,1.41,247.805
18-12-2017,1261.69,93.69,9.53,1.42,247.805
19-12-2017,1261.72,93.44,10.03,1.42,247.805
20-12-2017,1265.62,93.31,9.72,1.42,247.805
21-12-2017,1266.76,93.28,9.62,1.42,247.805
22-12-2017,1275.01,93.35,9.9,1.42,247.805
23-12-2017,1275.01,93.35,9.9,1.42,247.805
24-12-2017,1275.01,93.35,9.9,1.42,247.805
25-12-2017,1275.24,93.35,9.9,1.42,247.805
26-12-2017,1283.29,93.26,10.25,1.42,247.805
27-12-2017,1287.41,93.03,10.47,1.42,247.805
28-12-2017,1294.84,92.6,10.18,1.42,247.805
29-12-2017,1302.55,92.12,11.04,1.33,247.805
30-12-2017,1302.55,92.12,11.04,1.33,247.805
31-12-2017,1302.55,92.28,11.04,1.33,247.805
01-01-2018,1306.86,92.25,11.04,1.33,248.859
02-01-2018,1318.14,91.87,9.77,1.42,248.859
03-01-2018,1312.84,92.16,9.15,1.42,248.859
04-01-2018,1322.97,91.85,9.22,1.42,248.859
05-01-2018,1320.21,91.95,9.22,1.42,248.859
06-01-2018,1320.21,91.95,9.22,1.42,248.859
07-01-2018,1320.21,91.95,9.22,1.42,248.859
08-01-2018,1320.58,92.36,9.52,1.42,248.859
09-01-2018,1312.66,92.53,10.08,1.42,248.859
10-01-2018,1317.19,92.33,9.82,1.42,248.859
11-01-2018,1322.42,91.85,9.88,1.42,248.859
12-01-2018,1338.4,90.97,10.16,1.42,248.859
13-01-2018,1338.4,90.97,10.16,1.42,248.859
14-01-2018,1338.4,90.97,10.16,1.42,248.859
15-01-2018,1340.16,90.97,10.16,1.42,248.859
16-01-2018,1338.61,90.39,11.66,1.42,248.859
17-01-2018,1327.73,90.54,11.91,1.42,248.859
18-01-2018,1327.19,90.5,12.22,1.42,248.859
19-01-2018,1331.8,90.57,11.27,1.42,248.859
20-01-2018,1331.8,90.57,11.27,1.42,248.859
21-01-2018,1331.8,90.57,11.27,1.42,248.859
22-01-2018,1334.11,90.4,11.03,1.42,248.859
23-01-2018,1341.39,90.12,11.1,1.42,248.859
24-01-2018,1358.15,89.21,11.47,1.42,248.859
25-01-2018,1348.05,89.39,11.58,1.42,248.859
26-01-2018,1350.14,89.07,11.08,1.42,248.859
27-01-2018,1350.14,89.07,11.08,1.42,248.859
28-01-2018,1350.14,89.07,11.08,1.42,248.859
29-01-2018,1340.35,89.31,13.84,1.42,248.859
30-01-2018,1338.55,89.16,14.79,1.42,248.859
31-01-2018,1345.1,89.13,13.54,1.34,248.859
01-02-2018,1349.19,88.67,13.47,1.42,249.529
02-02-2018,1332.98,89.19,17.31,1.42,249.529
03-02-2018,1332.98,89.19,17.31,1.42,249.529
04-02-2018,1332.98,89.19,17.31,1.42,249.529
05-02-2018,1339.6,89.55,37.32,1.42,249.529
06-02-2018,1325.02,89.58,29.98,1.42,249.529
07-02-2018,1318.49,90.25,27.73,1.42,249.529
08-02-2018,1318.97,90.23,33.46,1.42,249.529
09-02-2018,1316.69,90.44,29.06,1.42,249.529
10-02-2018,1316.69,90.44,29.06,1.42,249.529
11-02-2018,1316.69,90.44,29.06,1.42,249.529
12-02-2018,1322.88,90.21,25.61,1.42,249.529
13-02-2018,1329.55,89.7,24.97,1.42,249.529
14-02-2018,1350.76,89.12,19.26,1.42,249.529
15-02-2018,1353.3,88.59,19.13,1.42,249.529
16-02-2018,1347.86,89.1,19.46,1.42,249.529
17-02-2018,1347.86,89.1,19.46,1.42,249.529
18-02-2018,1347.86,89.1,19.46,1.42,249.529
19-02-2018,1346.69,89.1,19.46,1.42,249.529
20-02-2018,1329.49,89.72,20.6,1.42,249.529
21-02-2018,1324.26,90,20.02,1.42,249.529
22-02-2018,1331.51,89.74,18.72,1.42,249.529
23-02-2018,1328.94,89.88,16.49,1.42,249.529
24-02-2018,1328.94,89.88,16.49,1.42,249.529
25-02-2018,1328.94,89.88,16.49,1.42,249.529
26-02-2018,1333.16,89.85,15.8,1.42,249.529
27-02-2018,1318.2,90.36,18.59,1.42,249.529
28-02-2018,1318.05,90.61,19.85,1.35,249.529
01-03-2018,1316.55,90.32,22.47,1.42,249.577
02-03-2018,1322.2,89.94,19.59,1.42,249.577
03-03-2018,1322.2,89.94,19.59,1.42,249.577
04-03-2018,1322.2,89.94,19.59,1.42,249.577
05-03-2018,1320.01,90.08,18.73,1.42,249.577
06-03-2018,1334.46,89.62,18.36,1.42,249.577
07-03-2018,1325.54,89.64,17.76,1.42,249.577
08-03-2018,1322.35,90.18,16.54,1.42,249.577
09-03-2018,1323.7,90.09,14.64,1.42,249.577
10-03-2018,1323.7,90.09,14.64,1.42,249.577
11-03-2018,1323.7,90.09,14.64,1.42,249.577
12-03-2018,1323.05,89.89,15.78,1.42,249.577
13-03-2018,1326.39,89.66,16.35,1.42,249.577
14-03-2018,1325,89.7,17.23,1.42,249.577
15-03-2018,1316.26,90.14,16.59,1.43,249.577
16-03-2018,1314,90.23,15.8,1.43,249.577
17-03-2018,1314,90.23,15.8,1.43,249.577
18-03-2018,1314,90.23,15.8,1.43,249.577
19-03-2018,1316.94,89.77,19.02,1.43,249.577
20-03-2018,1311.21,90.37,18.2,1.44,249.577
21-03-2018,1332.17,89.78,17.86,1.44,249.577
22-03-2018,1328.95,89.86,23.34,1.68,249.577
23-03-2018,1347.22,89.48,24.87,1.68,249.577
24-03-2018,1347.22,89.48,24.87,1.68,249.577
25-03-2018,1347.22,89.48,24.87,1.68,249.577
26-03-2018,1353.46,89.03,21.03,1.68,249.577
27-03-2018,1344.71,89.33,22.5,1.68,249.577
28-03-2018,1324.99,90.06,22.87,1.68,249.577
29-03-2018,1325,90.15,19.97,1.68,249.577
30-03-2018,1325,89.97,19.97,1.67,249.577
31-03-2018,1325,89.97,19.97,1.67,249.577
01-04-2018,1325,89.97,19.97,1.67,250.227
02-04-2018,1341.35,90.05,23.62,1.68,250.227
03-04-2018,1332.83,90.2,21.1,1.69,250.227
04-04-2018,1333.35,90.14,20.06,1.69,250.227
05-04-2018,1326.55,90.46,18.94,1.69,250.227
06-04-2018,1333.2,90.11,21.49,1.69,250.227
07-04-2018,1333.2,90.11,21.49,1.69,250.227
08-04-2018,1333.2,90.11,21.49,1.69,250.227
09-04-2018,1336.24,89.84,21.77,1.69,250.227
10-04-2018,1340.05,89.59,20.47,1.69,250.227
11-04-2018,1353.29,89.57,20.24,1.69,250.227
12-04-2018,1335.48,89.75,18.49,1.69,250.227
13-04-2018,1345.46,89.8,17.41,1.69,250.227
14-04-2018,1345.46,89.8,17.41,1.69,250.227
15-04-2018,1345.46,89.8,17.41,1.69,250.227
16-04-2018,1345.91,89.42,16.56,1.69,250.227
17-04-2018,1347.29,89.52,15.25,1.69,250.227
18-04-2018,1349.32,89.62,15.6,1.69,250.227
19-04-2018,1345.6,89.94,15.96,1.69,250.227
20-04-2018,1335.12,90.32,16.88,1.7,250.227
21-04-2018,1335.12,90.32,16.88,1.7,250.227
22-04-2018,1335.12,90.32,16.88,1.7,250.227
23-04-2018,1325,90.95,16.34,1.7,250.227
24-04-2018,1330.68,90.77,18.02,1.7,250.227
25-04-2018,1323.33,91.17,17.84,1.7,250.227
26-04-2018,1317.28,91.56,16.24,1.7,250.227
27-04-2018,1322.8,91.54,15.41,1.7,250.227
28-04-2018,1322.8,91.54,15.41,1.7,250.227
29-04-2018,1322.8,91.54,15.41,1.7,250.227
30-04-2018,1315.36,91.84,15.93,1.69,250.227
01-05-2018,1303.97,92.45,15.49,1.7,250.792
02-05-2018,1304.85,92.51,15.97,1.7,250.792
03-05-2018,1312.09,92.41,15.9,1.7,250.792
04-05-2018,1315.05,92.57,14.77,1.7,250.792
05-05-2018,1315.05,92.57,14.77,1.7,250.792
06-05-2018,1315.05,92.57,14.77,1.7,250.792
07-05-2018,1314.3,92.75,14.75,1.7,250.792
08-05-2018,1314.47,93.12,14.71,1.7,250.792
09-05-2018,1312.78,93.04,13.42,1.7,250.792
10-05-2018,1321.39,92.65,13.23,1.7,250.792
11-05-2018,1318.22,92.54,12.65,1.7,250.792
12-05-2018,1318.22,92.54,12.65,1.7,250.792
13-05-2018,1318.22,92.54,12.65,1.7,250.792
14-05-2018,1312.82,92.59,12.93,1.7,250.792
15-05-2018,1290.64,93.22,14.63,1.7,250.792
16-05-2018,1291.03,93.39,13.42,1.7,250.792
17-05-2018,1291,93.47,13.43,1.7,250.792
18-05-2018,1292.5,93.64,13.42,1.7,250.792
19-05-2018,1292.5,93.64,13.42,1.7,250.792
20-05-2018,1292.5,93.64,13.42,1.7,250.792
21-05-2018,1292.68,93.68,13.08,1.7,250.792
22-05-2018,1291.32,93.61,13.22,1.7,250.792
23-05-2018,1293.75,94,12.58,1.7,250.792
24-05-2018,1304.88,93.76,12.53,1.7,250.792
25-05-2018,1301.61,94.19,13.22,1.7,250.792
26-05-2018,1301.61,94.19,13.22,1.7,250.792
27-05-2018,1301.61,94.19,13.22,1.7,250.792
28-05-2018,1298.11,94.19,13.22,1.7,250.792
29-05-2018,1298.86,94.83,17.02,1.7,250.792
30-05-2018,1301.48,94.15,14.94,1.7,250.792
31-05-2018,1298.32,93.98,15.43,1.7,250.792
01-06-2018,1293.14,94.19,13.46,1.7,251.018
02-06-2018,1293.14,94.19,13.46,1.7,251.018
03-06-2018,1293.14,94.19,13.46,1.7,251.018
04-06-2018,1291.98,94.02,12.74,1.7,251.018
05-06-2018,1296.13,93.9,12.4,1.7,251.018
06-06-2018,1297,93.66,11.64,1.7,251.018
07-06-2018,1297.12,93.4,12.13,1.7,251.018
08-06-2018,1298.75,93.55,12.18,1.7,251.018
09-06-2018,1298.75,93.55,12.18,1.7,251.018
10-06-2018,1298.75,93.55,12.18,1.7,251.018
11-06-2018,1300.14,93.58,12.35,1.7,251.018
12-06-2018,1295.97,93.8,12.34,1.7,251.018
13-06-2018,1299.71,93.71,12.94,1.7,251.018
14-06-2018,1302.22,94.77,12.12,1.9,251.018
15-06-2018,1279.84,94.79,11.98,1.9,251.018
16-06-2018,1279.84,94.79,11.98,1.9,251.018
17-06-2018,1279.84,94.79,11.98,1.9,251.018
18-06-2018,1278.31,94.8,12.31,1.9,251.018
19-06-2018,1274.76,95.08,13.35,1.91,251.018
20-06-2018,1268.1,95.06,12.79,1.92,251.018
21-06-2018,1267.2,94.74,14.64,1.92,251.018
22-06-2018,1269.28,94.52,13.77,1.92,251.018
23-06-2018,1269.28,94.52,13.77,1.92,251.018
24-06-2018,1269.28,94.52,13.77,1.92,251.018
25-06-2018,1266,94.28,17.33,1.92,251.018
26-06-2018,1258.99,94.66,15.92,1.92,251.018
27-06-2018,1252.02,95.27,17.91,1.91,251.018
28-06-2018,1248.28,95.39,16.85,1.91,251.018
29-06-2018,1253,94.64,16.09,1.91,251.018
30-06-2018,1253,94.64,16.09,1.91,251.018
01-07-2018,1253,94.64,16.09,1.91,251.214
02-07-2018,1241.97,95.03,15.6,1.91,251.214
03-07-2018,1252.93,94.67,16.14,1.91,251.214
04-07-2018,1256.95,94.67,16.14,1.91,251.214
05-07-2018,1257.76,94.47,14.97,1.91,251.214
06-07-2018,1254.99,94.04,13.37,1.91,251.214
07-07-2018,1254.99,94.04,13.37,1.91,251.214
08-07-2018,1254.99,94.04,13.37,1.91,251.214
09-07-2018,1257.76,94.08,12.69,1.91,251.214
10-07-2018,1255.65,94.15,12.64,1.91,251.214
11-07-2018,1242.16,94.72,13.63,1.91,251.214
12-07-2018,1247.14,94.81,12.58,1.91,251.214
13-07-2018,1241.52,94.75,12.18,1.91,251.214
14-07-2018,1241.52,94.75,12.18,1.91,251.214
15-07-2018,1241.52,94.75,12.18,1.91,251.214
16-07-2018,1240.82,94.51,12.83,1.91,251.214
17-07-2018,1227.51,94.94,12.06,1.91,251.214
18-07-2018,1227.18,95.08,12.1,1.91,251.214
19-07-2018,1222.8,95.15,12.87,1.91,251.214
20-07-2018,1231.76,94.45,12.86,1.91,251.214
21-07-2018,1231.76,94.45,12.86,1.91,251.214
22-07-2018,1231.76,94.45,12.86,1.91,251.214
23-07-2018,1224.54,94.67,12.62,1.91,251.214
24-07-2018,1224.55,94.61,12.41,1.91,251.214
25-07-2018,1231.61,94.36,12.29,1.91,251.214
26-07-2018,1222.67,94.75,12.14,1.91,251.214
27-07-2018,1223.38,94.67,13.03,1.91,251.214
28-07-2018,1223.38,94.67,13.03,1.91,251.214
29-07-2018,1223.38,94.67,13.03,1.91,251.214
30-07-2018,1221.8,94.32,14.26,1.91,251.214
31-07-2018,1223.83,94.49,12.83,1.91,251.214
01-08-2018,1216.05,94.62,13.15,1.91,251.663
02-08-2018,1207.96,95.16,12.19,1.91,251.663
03-08-2018,1213.43,95.14,11.64,1.91,251.663
04-08-2018,1213.43,95.14,11.64,1.91,251.663
05-08-2018,1213.43,95.14,11.64,1.91,251.663
06-08-2018,1206.94,95.36,11.27,1.91,251.663
07-08-2018,1211.02,95.22,10.93,1.91,251.663
08-08-2018,1213.61,95.05,10.85,1.91,251.663
09-08-2018,1212.35,95.5,11.27,1.91,251.663
10-08-2018,1211.3,96.36,13.16,1.91,251.663
11-08-2018,1211.3,96.36,13.16,1.91,251.663
12-08-2018,1211.3,96.36,13.16,1.91,251.663
13-08-2018,1193.64,96.39,14.78,1.91,251.663
14-08-2018,1194.03,96.73,13.31,1.91,251.663
15-08-2018,1174.88,96.7,14.64,1.91,251.663
16-08-2018,1174.16,96.64,13.45,1.92,251.663
17-08-2018,1184.77,96.1,12.64,1.92,251.663
18-08-2018,1184.77,96.1,12.64,1.92,251.663
19-08-2018,1184.77,96.1,12.64,1.92,251.663
20-08-2018,1190.53,95.9,12.49,1.92,251.663
21-08-2018,1196.12,95.26,12.86,1.92,251.663
22-08-2018,1195.51,95.15,12.25,1.92,251.663
23-08-2018,1185.31,95.67,12.41,1.92,251.663
24-08-2018,1205.97,95.15,11.99,1.92,251.663
25-08-2018,1205.97,95.15,11.99,1.92,251.663
26-08-2018,1205.97,95.15,11.99,1.92,251.663
27-08-2018,1211.35,94.78,12.16,1.92,251.663
28-08-2018,1201.26,94.72,12.5,1.92,251.663
29-08-2018,1206.66,94.6,12.25,1.92,251.663
30-08-2018,1199.88,94.72,13.53,1.92,251.663
31-08-2018,1201.09,95.14,12.86,1.91,251.663
01-09-2018,1201.09,95.14,12.86,1.91,252.182
02-09-2018,1201.09,95.14,12.86,1.91,252.182
03-09-2018,1201.15,95.14,12.86,1.91,252.182
04-09-2018,1191.35,95.44,13.16,1.92,252.182
05-09-2018,1196.75,95.18,13.91,1.92,252.182
06-09-2018,1200.14,95.02,14.65,1.92,252.182
07-09-2018,1195.86,95.36,14.88,1.92,252.182
08-09-2018,1195.86,95.36,14.88,1.92,252.182
09-09-2018,1195.86,95.36,14.88,1.92,252.182
10-09-2018,1195.88,95.15,14.16,1.92,252.182
11-09-2018,1198.29,95.25,13.22,1.92,252.182
12-09-2018,1206.19,94.8,13.14,1.92,252.182
13-09-2018,1201.44,94.52,12.37,1.92,252.182
14-09-2018,1193.71,94.93,12.07,1.92,252.182
15-09-2018,1193.71,94.93,12.07,1.92,252.182
16-09-2018,1193.71,94.93,12.07,1.92,252.182
17-09-2018,1200.93,94.5,13.68,1.92,252.182
18-09-2018,1198.35,94.64,12.79,1.92,252.182
19-09-2018,1203.99,94.54,11.75,1.92,252.182
20-09-2018,1207.58,93.91,11.8,1.92,252.182
21-09-2018,1199.55,94.22,11.68,1.92,252.182
22-09-2018,1199.55,94.22,11.68,1.92,252.182
23-09-2018,1199.55,94.22,11.68,1.92,252.182
24-09-2018,1198.86,94.19,12.2,1.93,252.182
25-09-2018,1201.31,94.13,12.42,1.93,252.182
26-09-2018,1194.46,94.19,12.89,1.93,252.182
27-09-2018,1182.8,94.89,12.41,2.18,252.182
28-09-2018,1192.09,95.13,12.12,2.18,252.182
29-09-2018,1192.09,95.13,12.12,2.18,252.182
30-09-2018,1192.09,95.13,12.12,2.18,252.182
01-10-2018,1188.47,95.3,12,2.18,252.772
02-10-2018,1203.1,95.51,12.05,2.18,252.772
03-10-2018,1197.37,95.76,11.61,2.18,252.772
04-10-2018,1199.66,95.75,14.22,2.18,252.772
05-10-2018,1202.86,95.62,14.82,2.18,252.772
06-10-2018,1202.86,95.62,14.82,2.18,252.772
07-10-2018,1202.86,95.62,14.82,2.18,252.772
08-10-2018,1188.01,95.76,15.69,2.18,252.772
09-10-2018,1189.62,95.67,15.95,2.18,252.772
10-10-2018,1194.78,95.51,22.96,2.18,252.772
11-10-2018,1224.33,95.02,24.98,2.18,252.772
12-10-2018,1217.93,95.22,21.31,2.18,252.772
13-10-2018,1217.93,95.22,21.31,2.18,252.772
14-10-2018,1217.93,95.22,21.31,2.18,252.772
15-10-2018,1226.93,95.06,21.3,2.18,252.772
16-10-2018,1224.43,95.05,17.62,2.18,252.772
17-10-2018,1222.68,95.58,17.4,2.19,252.772
18-10-2018,1225.75,95.9,20.06,2.19,252.772
19-10-2018,1226.32,95.71,19.89,2.19,252.772
20-10-2018,1226.32,95.71,19.89,2.19,252.772
21-10-2018,1226.32,95.71,19.89,2.19,252.772
22-10-2018,1222.17,96.01,19.64,2.19,252.772
23-10-2018,1230.49,95.96,20.71,2.2,252.772
24-10-2018,1234.22,96.43,25.23,2.2,252.772
25-10-2018,1232.23,96.68,24.22,2.2,252.772
26-10-2018,1233.59,96.36,24.16,2.2,252.772
27-10-2018,1233.59,96.36,24.16,2.2,252.772
28-10-2018,1233.59,96.36,24.16,2.2,252.772
29-10-2018,1229.74,96.58,24.7,2.2,252.772
30-10-2018,1223.44,97.01,23.35,2.2,252.772
31-10-2018,1214.54,97.13,21.23,2.2,252.772
01-11-2018,1233.24,96.28,19.34,2.2,252.594
02-11-2018,1232.89,96.54,19.51,2.19,252.594
03-11-2018,1232.89,96.54,19.51,2.19,252.594
04-11-2018,1232.89,96.54,19.51,2.19,252.594
05-11-2018,1231.3,96.28,19.96,2.2,252.594
06-11-2018,1226.8,96.32,19.91,2.2,252.594
07-11-2018,1226.11,96,16.36,2.2,252.594
08-11-2018,1223.54,96.72,16.72,2.2,252.594
09-11-2018,1209.6,96.91,17.36,2.19,252.594
10-11-2018,1209.6,96.91,17.36,2.19,252.594
11-11-2018,1209.6,96.91,17.36,2.19,252.594
12-11-2018,1200.65,97.54,20.45,2.19,252.594
13-11-2018,1202.35,97.3,20.02,2.2,252.594
14-11-2018,1210.91,96.8,21.25,2.2,252.594
15-11-2018,1213,96.93,19.98,2.2,252.594
16-11-2018,1221.47,96.47,18.14,2.2,252.594
17-11-2018,1221.47,96.47,18.14,2.2,252.594
18-11-2018,1221.47,96.47,18.14,2.2,252.594
19-11-2018,1224.05,96.19,20.1,2.2,252.594
20-11-2018,1221.55,96.84,22.48,2.2,252.594
21-11-2018,1226.02,96.71,20.8,2.2,252.594
22-11-2018,1227.45,96.71,20.8,2.2,252.594
23-11-2018,1223.19,96.92,21.52,2.2,252.594
24-11-2018,1223.19,96.92,21.52,2.2,252.594
25-11-2018,1223.19,96.92,21.52,2.2,252.594
26-11-2018,1222.37,97.07,18.9,2.2,252.594
27-11-2018,1214.69,97.37,19.02,2.2,252.594
28-11-2018,1221.11,96.79,18.49,2.2,252.594
29-11-2018,1223.99,96.78,18.79,2.2,252.594
30-11-2018,1221.97,97.27,18.07,2.2,252.594
01-12-2018,1221.97,97.27,18.07,2.2,252.767
02-12-2018,1221.97,97.27,18.07,2.2,252.767
03-12-2018,1231.08,97.04,16.44,2.19,252.767
04-12-2018,1238.55,96.97,20.74,2.2,252.767
05-12-2018,1237.56,97.07,20.74,2.2,252.767
06-12-2018,1237.99,96.81,21.19,2.2,252.767
07-12-2018,1248.1,96.51,23.23,2.19,252.767
08-12-2018,1248.1,96.51,23.23,2.19,252.767
09-12-2018,1248.1,96.51,23.23,2.19,252.767
10-12-2018,1244.59,97.22,22.64,2.2,252.767
11-12-2018,1242.94,97.39,21.76,2.19,252.767
12-12-2018,1245.8,97.04,21.46,2.19,252.767
13-12-2018,1242.46,97.06,20.65,2.19,252.767
14-12-2018,1238.21,97.44,21.63,2.19,252.767
15-12-2018,1238.21,97.44,21.63,2.19,252.767
16-12-2018,1238.21,97.44,21.63,2.19,252.767
17-12-2018,1245.91,97.1,24.52,2.2,252.767
18-12-2018,1249.38,97.1,25.58,2.2,252.767
19-12-2018,1243.39,97.03,25.58,2.2,252.767
20-12-2018,1260.14,96.28,28.38,2.4,252.767
21-12-2018,1256.01,96.96,30.11,2.4,252.767
22-12-2018,1256.01,96.96,30.11,2.4,252.767
23-12-2018,1256.01,96.96,30.11,2.4,252.767
24-12-2018,1269.13,96.55,36.07,2.4,252.767
25-12-2018,1269.13,96.55,36.07,2.4,252.767
26-12-2018,1266.98,97.05,30.41,2.4,252.767
27-12-2018,1275.22,96.48,29.96,2.4,252.767
28-12-2018,1280.75,96.4,28.34,2.4,252.767
29-12-2018,1280.75,96.4,28.34,2.4,252.767
30-12-2018,1280.75,96.4,28.34,2.4,252.767
31-12-2018,1282.82,96.17,25.42,2.4,252.767
01-01-2019,1282.62,96.17,25.42,2.4,252.561
02-01-2019,1284.77,96.82,23.22,2.4,252.561
03-01-2019,1293.99,96.31,25.45,2.4,252.561
04-01-2019,1284.92,96.18,21.38,2.4,252.561
05-01-2019,1284.92,96.18,21.38,2.4,252.561
06-01-2019,1284.92,96.18,21.38,2.4,252.561
07-01-2019,1288.67,95.67,21.4,2.4,252.561
08-01-2019,1285.35,95.9,20.47,2.4,252.561
09-01-2019,1293.13,95.22,19.98,2.4,252.561
10-01-2019,1286.38,95.54,19.5,2.4,252.561
11-01-2019,1288,95.67,18.19,2.4,252.561
12-01-2019,1288,95.67,18.19,2.4,252.561
13-01-2019,1288,95.67,18.19,2.4,252.561
14-01-2019,1291.73,95.61,19.07,2.4,252.561
15-01-2019,1289.31,96.04,18.6,2.4,252.561
16-01-2019,1293.52,96.06,19.04,2.4,252.561
17-01-2019,1291.9,96.06,18.06,2.4,252.561
18-01-2019,1281.49,96.34,17.8,2.4,252.561
19-01-2019,1281.49,96.34,17.8,2.4,252.561
20-01-2019,1281.49,96.34,17.8,2.4,252.561
21-01-2019,1280.28,96.34,17.8,2.4,252.561
22-01-2019,1285.04,96.3,20.8,2.4,252.561
23-01-2019,1282.39,96.12,19.52,2.4,252.561
24-01-2019,1280.94,96.6,18.89,2.4,252.561
25-01-2019,1303.22,95.79,17.42,2.4,252.561
26-01-2019,1303.22,95.79,17.42,2.4,252.561
27-01-2019,1303.22,95.79,17.42,2.4,252.561
28-01-2019,1303.53,95.75,18.87,2.4,252.561
29-01-2019,1311.93,95.82,19.13,2.4,252.561
30-01-2019,1319.91,95.34,17.66,2.4,252.561
31-01-2019,1320.94,95.58,16.57,2.4,252.561
01-02-2019,1318,95.58,16.14,2.4,253.319
02-02-2019,1318,95.58,16.14,2.4,253.319
03-02-2019,1318,95.58,16.14,2.4,253.319
04-02-2019,1311.75,95.85,15.73,2.4,253.319
05-02-2019,1315.01,96.07,15.57,2.4,253.319
06-02-2019,1306.22,96.39,15.38,2.4,253.319
07-02-2019,1310.09,96.51,16.37,2.4,253.319
08-02-2019,1314.07,96.64,15.72,2.4,253.319
09-02-2019,1314.07,96.64,15.72,2.4,253.319
10-02-2019,1314.07,96.64,15.72,2.4,253.319
11-02-2019,1308.33,97.06,15.97,2.4,253.319
12-02-2019,1310.89,96.71,15.43,2.4,253.319
13-02-2019,1306.19,97.13,15.65,2.4,253.319
14-02-2019,1312.55,96.98,16.22,2.4,253.319
15-02-2019,1321.41,96.9,14.91,2.4,253.319
16-02-2019,1321.41,96.9,14.91,2.4,253.319
17-02-2019,1321.41,96.9,14.91,2.4,253.319
18-02-2019,1326.9,96.9,14.91,2.4,253.319
19-02-2019,1341.16,96.52,14.88,2.4,253.319
20-02-2019,1338.49,96.45,14.02,2.4,253.319
21-02-2019,1323.49,96.61,14.46,2.4,253.319
22-02-2019,1327.8,96.51,13.51,2.4,253.319
23-02-2019,1327.8,96.51,13.51,2.4,253.319
24-02-2019,1327.8,96.51,13.51,2.4,253.319
25-02-2019,1327.12,96.41,14.85,2.4,253.319
26-02-2019,1328.96,96,15.17,2.4,253.319
27-02-2019,1319.88,96.15,14.7,2.4,253.319
28-02-2019,1313.05,96.16,14.78,2.4,253.319
01-03-2019,1293.56,96.53,13.57,2.4,254.277
02-03-2019,1293.56,96.53,13.57,2.4,254.277
03-03-2019,1293.56,96.53,13.57,2.4,254.277
04-03-2019,1286.66,96.68,14.63,2.4,254.277
05-03-2019,1287.43,96.87,14.74,2.4,254.277
06-03-2019,1286.76,96.87,15.74,2.4,254.277
07-03-2019,1285.74,97.67,16.59,2.4,254.277
08-03-2019,1298.39,97.31,16.05,2.4,254.277
09-03-2019,1298.39,97.31,16.05,2.4,254.277
10-03-2019,1298.39,97.31,16.05,2.4,254.277
11-03-2019,1294.25,97.22,14.33,2.4,254.277
12-03-2019,1302.01,96.94,13.77,2.4,254.277
13-03-2019,1309.28,96.55,13.41,2.4,254.277
14-03-2019,1296.28,96.78,13.5,2.4,254.277
15-03-2019,1301.38,96.59,12.88,2.4,254.277
16-03-2019,1301.38,96.59,12.88,2.4,254.277
17-03-2019,1301.38,96.59,12.88,2.4,254.277
18-03-2019,1303.7,96.52,13.1,2.4,254.277
19-03-2019,1306.55,96.38,13.56,2.4,254.277
20-03-2019,1312.48,95.76,13.91,2.41,254.277
21-03-2019,1309.45,96.5,13.63,2.41,254.277
22-03-2019,1313.38,96.65,16.48,2.41,254.277
23-03-2019,1313.38,96.65,16.48,2.41,254.277
24-03-2019,1313.38,96.65,16.48,2.41,254.277
25-03-2019,1321.9,96.57,16.33,2.4,254.277
26-03-2019,1315.51,96.74,14.68,2.4,254.277
27-03-2019,1309.87,96.77,15.15,2.41,254.277
28-03-2019,1290.55,97.2,14.43,2.41,254.277
29-03-2019,1292.15,97.28,13.71,2.43,254.277
30-03-2019,1292.15,97.28,13.71,2.43,254.277
31-03-2019,1292.15,97.28,13.71,2.43,254.277
01-04-2019,1287.66,97.23,13.4,2.41,255.233
02-04-2019,1293.15,97.36,13.36,2.41,255.233
03-04-2019,1289.9,97.09,13.74,2.41,255.233
04-04-2019,1292.38,97.31,13.58,2.41,255.233
05-04-2019,1291.7,97.39,12.82,2.41,255.233
06-04-2019,1291.7,97.39,12.82,2.41,255.233
07-04-2019,1291.7,97.39,12.82,2.41,255.233
08-04-2019,1297.41,97.05,13.18,2.41,255.233
09-04-2019,1304.13,97.01,14.28,2.41,255.233
10-04-2019,1308.05,96.95,13.3,2.41,255.233
11-04-2019,1292.6,97.18,13.02,2.41,255.233
12-04-2019,1290.4,96.97,12.01,2.41,255.233
13-04-2019,1290.4,96.97,12.01,2.41,255.233
14-04-2019,1290.4,96.97,12.01,2.41,255.233
15-04-2019,1287.88,96.94,12.32,2.41,255.233
16-04-2019,1276.57,97.04,12.18,2.41,255.233
17-04-2019,1274.14,97.01,12.6,2.42,255.233
18-04-2019,1275.39,97.47,12.09,2.43,255.233
19-04-2019,1275.39,97.38,12.09,2.44,255.233
20-04-2019,1275.39,97.38,12.09,2.44,255.233
21-04-2019,1275.39,97.38,12.09,2.44,255.233
22-04-2019,1274.92,97.29,12.42,2.44,255.233
23-04-2019,1272.4,97.64,12.28,2.44,255.233
24-04-2019,1275.36,98.17,13.14,2.44,255.233
25-04-2019,1277.35,98.2,13.25,2.44,255.233
26-04-2019,1286.25,98.01,12.73,2.44,255.233
27-04-2019,1286.25,98.01,12.73,2.44,255.233
28-04-2019,1286.25,98.01,12.73,2.44,255.233
29-04-2019,1279.8,97.86,13.11,2.45,255.233
30-04-2019,1283.6,97.48,13.12,2.45,255.233
01-05-2019,1276.61,97.69,14.8,2.45,255.296
02-05-2019,1270.54,97.83,14.42,2.41,255.296
03-05-2019,1279.19,97.52,12.87,2.4,255.296
04-05-2019,1279.19,97.52,12.87,2.4,255.296
05-05-2019,1279.19,97.52,12.87,2.4,255.296
06-05-2019,1280.33,97.52,15.44,2.4,255.296
07-05-2019,1285.15,97.63,19.32,2.4,255.296
08-05-2019,1280.93,97.62,19.4,2.39,255.296
09-05-2019,1284.14,97.37,19.1,2.38,255.296
10-05-2019,1286,97.33,16.04,2.38,255.296
11-05-2019,1286,97.33,16.04,2.38,255.296
12-05-2019,1286,97.33,16.04,2.38,255.296
13-05-2019,1299.9,97.32,20.55,2.38,255.296
14-05-2019,1297.03,97.53,18.06,2.38,255.296
15-05-2019,1296.66,97.57,16.44,2.4,255.296
16-05-2019,1286.65,97.86,15.29,2.39,255.296
17-05-2019,1277.55,98,15.96,2.39,255.296
18-05-2019,1277.55,98,15.96,2.39,255.296
19-05-2019,1277.55,98,15.96,2.39,255.296
20-05-2019,1277.74,97.93,16.31,2.39,255.296
21-05-2019,1274.97,98.06,14.95,2.39,255.296
22-05-2019,1273.62,98.04,14.75,2.38,255.296
23-05-2019,1283.45,97.86,16.92,2.38,255.296
24-05-2019,1284.89,97.61,15.85,2.38,255.296
25-05-2019,1284.89,97.61,15.85,2.38,255.296
26-05-2019,1284.89,97.61,15.85,2.38,255.296
27-05-2019,1285.2,97.61,15.85,2.38,255.296
28-05-2019,1279.49,97.95,17.5,2.39,255.296
29-05-2019,1279.6,98.14,17.9,2.39,255.296
30-05-2019,1288.85,98.14,17.3,2.39,255.296
31-05-2019,1305.65,97.75,18.71,2.4,255.296
01-06-2019,1305.65,97.75,18.71,2.4,255.213
02-06-2019,1305.65,97.75,18.71,2.4,255.213
03-06-2019,1325.17,97.14,18.86,2.38,255.213
04-06-2019,1325.28,97.07,16.97,2.38,255.213
05-06-2019,1330.18,97.32,16.09,2.38,255.213
06-06-2019,1335.55,97.04,15.93,2.37,255.213
07-06-2019,1340.7,96.54,16.3,2.37,255.213
08-06-2019,1340.7,96.54,16.3,2.37,255.213
09-06-2019,1340.7,96.54,16.3,2.37,255.213
10-06-2019,1328.13,96.76,15.94,2.37,255.213
11-06-2019,1326.91,96.69,15.99,2.37,255.213
12-06-2019,1333.55,97,15.91,2.37,255.213
13-06-2019,1342.35,97.01,15.82,2.37,255.213
14-06-2019,1341.58,97.57,15.28,2.36,255.213
15-06-2019,1341.58,97.57,15.28,2.36,255.213
16-06-2019,1341.58,97.57,15.28,2.36,255.213
17-06-2019,1339.54,97.56,15.35,2.38,255.213
18-06-2019,1346.48,97.64,15.15,2.37,255.213
19-06-2019,1360.27,97.12,14.33,2.37,255.213
20-06-2019,1388.18,96.63,14.75,2.37,255.213
21-06-2019,1399.05,96.22,15.4,2.38,255.213
22-06-2019,1399.05,96.22,15.4,2.38,255.213
23-06-2019,1399.05,96.22,15.4,2.38,255.213
24-06-2019,1419.55,95.98,15.26,2.38,255.213
25-06-2019,1423.25,96.14,16.28,2.38,255.213
26-06-2019,1408.75,96.21,16.21,2.38,255.213
27-06-2019,1409.68,96.19,15.82,2.38,255.213
28-06-2019,1409.5,96.13,15.08,2.4,255.213
29-06-2019,1409.5,96.13,15.08,2.4,255.213
30-06-2019,1409.5,96.13,15.08,2.4,255.213
01-07-2019,1384.31,96.84,14.06,2.39,255.802
02-07-2019,1418.44,96.73,12.93,2.4,255.802
03-07-2019,1418.94,96.77,12.57,2.41,255.802
04-07-2019,1415.64,96.77,12.57,2.41,255.802
05-07-2019,1399.95,97.29,13.28,2.42,255.802
06-07-2019,1399.95,97.29,13.28,2.42,255.802
07-07-2019,1399.95,97.29,13.28,2.42,255.802
08-07-2019,1395.5,97.38,13.96,2.41,255.802
09-07-2019,1397.9,97.49,14.09,2.41,255.802
10-07-2019,1419,97.1,13.03,2.41,255.802
11-07-2019,1404,97.05,12.93,2.4,255.802
12-07-2019,1415.74,96.81,12.39,2.38,255.802
13-07-2019,1415.74,96.81,12.39,2.38,255.802
14-07-2019,1415.74,96.81,12.39,2.38,255.802
15-07-2019,1414.08,96.93,12.68,2.4,255.802
16-07-2019,1406.33,97.39,12.86,2.41,255.802
17-07-2019,1426.8,97.22,13.97,2.41,255.802
18-07-2019,1446.3,96.79,13.53,2.41,255.802
19-07-2019,1425.3,97.15,14.45,2.41,255.802
20-07-2019,1425.3,97.15,14.45,2.41,255.802
21-07-2019,1425.3,97.15,14.45,2.41,255.802
22-07-2019,1425.12,97.26,13.53,2.4,255.802
23-07-2019,1417.39,97.7,12.61,2.4,255.802
24-07-2019,1425.9,97.73,12.07,2.4,255.802
25-07-2019,1414.53,97.82,12.74,2.4,255.802
26-07-2019,1418.69,98.01,12.16,2.4,255.802
27-07-2019,1418.69,98.01,12.16,2.4,255.802
28-07-2019,1418.69,98.01,12.16,2.4,255.802
29-07-2019,1426.94,98.04,12.83,2.4,255.802
30-07-2019,1430.85,98.05,13.94,2.39,255.802
31-07-2019,1413.8,98.52,16.12,2.4,255.802
01-08-2019,1445.31,98.37,17.87,2.14,256.036
02-08-2019,1440.7,98.07,17.61,2.14,256.036
03-08-2019,1440.7,98.07,17.61,2.14,256.036
04-08-2019,1440.7,98.07,17.61,2.14,256.036
05-08-2019,1463.8,97.52,24.59,2.13,256.036
06-08-2019,1474.27,97.63,20.17,2.13,256.036
07-08-2019,1501.2,97.54,19.49,2.12,256.036
08-08-2019,1500.95,97.62,16.91,2.12,256.036
09-08-2019,1497.24,97.49,17.97,2.12,256.036
10-08-2019,1497.24,97.49,17.97,2.12,256.036
11-08-2019,1497.24,97.49,17.97,2.12,256.036
12-08-2019,1511.4,97.38,21.09,2.12,256.036
13-08-2019,1501.39,97.81,17.52,2.12,256.036
14-08-2019,1516.34,97.99,22.1,2.12,256.036
15-08-2019,1523.2,98.14,21.18,2.13,256.036
16-08-2019,1514.15,98.14,18.47,2.13,256.036
17-08-2019,1514.15,98.14,18.47,2.13,256.036
18-08-2019,1514.15,98.14,18.47,2.13,256.036
19-08-2019,1495.3,98.35,16.88,2.13,256.036
20-08-2019,1507.1,98.19,17.5,2.13,256.036
21-08-2019,1502.3,98.3,15.8,2.12,256.036
22-08-2019,1498.8,98.17,16.68,2.12,256.036
23-08-2019,1526.85,97.64,19.87,2.12,256.036
24-08-2019,1526.85,97.64,19.87,2.12,256.036
25-08-2019,1526.85,97.64,19.87,2.12,256.036
26-08-2019,1526.35,98.08,19.32,2.12,256.036
27-08-2019,1542.64,98,20.31,2.12,256.036
28-08-2019,1539.1,98.21,19.35,2.12,256.036
29-08-2019,1527.7,98.51,17.88,2.12,256.036
30-08-2019,1520.25,98.92,18.98,2.13,256.036
31-08-2019,1520.25,98.92,18.98,2.13,256.036
01-09-2019,1520.25,98.92,18.98,2.13,256.43
02-09-2019,1530.59,98.92,18.98,2.13,256.43
03-09-2019,1547,99,19.66,2.13,256.43
04-09-2019,1552.6,98.45,17.33,2.13,256.43
05-09-2019,1519.35,98.41,16.27,2.13,256.43
06-09-2019,1506.95,98.39,15,2.12,256.43
07-09-2019,1506.95,98.39,15,2.12,256.43
08-09-2019,1506.95,98.39,15,2.12,256.43
09-09-2019,1498.95,98.28,15.27,2.13,256.43
10-09-2019,1486.4,98.33,15.2,2.13,256.43
11-09-2019,1497.6,98.64,14.61,2.13,256.43
12-09-2019,1498.95,98.31,14.22,2.13,256.43
13-09-2019,1488.7,98.26,13.74,2.14,256.43
14-09-2019,1488.7,98.26,13.74,2.14,256.43
15-09-2019,1488.7,98.26,13.74,2.14,256.43
16-09-2019,1498.8,98.61,14.67,2.25,256.43
17-09-2019,1503.1,98.26,14.44,2.3,256.43
18-09-2019,1493.9,98.56,13.95,2.25,256.43
19-09-2019,1499.2,98.27,14.05,1.9,256.43
20-09-2019,1517.15,98.51,15.32,1.9,256.43
21-09-2019,1517.15,98.51,15.32,1.9,256.43
22-09-2019,1517.15,98.51,15.32,1.9,256.43
23-09-2019,1522.12,98.6,14.91,1.9,256.43
24-09-2019,1532.3,98.34,17.05,1.9,256.43
25-09-2019,1504.15,99.04,15.96,1.9,256.43
26-09-2019,1505.8,99.13,16.07,1.85,256.43
27-09-2019,1496.94,99.11,17.22,1.83,256.43
28-09-2019,1496.94,99.11,17.22,1.83,256.43
29-09-2019,1496.94,99.11,17.22,1.83,256.43
30-09-2019,1472.25,99.38,16.24,1.9,256.43
01-10-2019,1478.98,99.13,18.56,1.88,257.155
02-10-2019,1499.51,99.02,20.56,1.85,257.155
03-10-2019,1505,98.86,19.12,1.83,257.155
04-10-2019,1504.6,98.81,17.04,1.82,257.155
05-10-2019,1504.6,98.81,17.04,1.82,257.155
06-10-2019,1504.6,98.81,17.04,1.82,257.155
07-10-2019,1493.6,98.97,17.86,1.82,257.155
08-10-2019,1505.51,99.13,20.28,1.82,257.155
09-10-2019,1505.7,99.12,18.64,1.82,257.155
10-10-2019,1494.3,98.7,17.57,1.82,257.155
11-10-2019,1489.85,98.3,15.58,1.82,257.155
12-10-2019,1489.85,98.3,15.58,1.82,257.155
13-10-2019,1489.85,98.3,15.58,1.82,257.155
14-10-2019,1492.9,98.45,14.57,1.82,257.155
15-10-2019,1481.17,98.29,13.54,1.9,257.155
16-10-2019,1489.77,98,13.68,1.9,257.155
17-10-2019,1491.89,97.61,13.79,1.85,257.155
18-10-2019,1490.1,97.28,14.25,1.85,257.155
19-10-2019,1490.1,97.28,14.25,1.85,257.155
20-10-2019,1490.1,97.28,14.25,1.85,257.155
21-10-2019,1484.5,97.33,14,1.85,257.155
22-10-2019,1488.05,97.53,14.46,1.85,257.155
23-10-2019,1492.1,97.49,14.01,1.85,257.155
24-10-2019,1503.65,97.63,13.71,1.85,257.155
25-10-2019,1504.73,97.83,12.65,1.83,257.155
26-10-2019,1504.73,97.83,12.65,1.83,257.155
27-10-2019,1504.73,97.83,12.65,1.83,257.155
28-10-2019,1492.69,97.76,13.11,1.83,257.155
29-10-2019,1487.6,97.69,13.2,1.82,257.155
30-10-2019,1495.4,97.65,12.33,1.82,257.155
31-10-2019,1513.36,97.35,13.22,1.58,257.155
01-11-2019,1513.95,97.24,12.3,1.57,257.879
02-11-2019,1513.95,97.24,12.3,1.57,257.879
03-11-2019,1513.95,97.24,12.3,1.57,257.879
04-11-2019,1509.63,97.5,12.83,1.56,257.879
05-11-2019,1484.1,97.98,13.1,1.56,257.879
06-11-2019,1490.46,97.95,12.62,1.55,257.879
07-11-2019,1468.07,98.14,12.73,1.55,257.879
08-11-2019,1458.66,98.35,12.07,1.55,257.879
09-11-2019,1458.66,98.35,12.07,1.55,257.879
10-11-2019,1458.66,98.35,12.07,1.55,257.879
11-11-2019,1455.9,98.2,12.69,1.55,257.879
12-11-2019,1457.19,98.31,12.68,1.55,257.879
13-11-2019,1463.19,98.37,13,1.55,257.879
14-11-2019,1471.2,98.16,13.05,1.55,257.879
15-11-2019,1467.37,98,12.05,1.55,257.879
16-11-2019,1467.37,98,12.05,1.55,257.879
17-11-2019,1467.37,98,12.05,1.55,257.879
18-11-2019,1470.85,97.79,12.46,1.55,257.879
19-11-2019,1472.38,97.86,12.86,1.55,257.879
20-11-2019,1471.25,97.93,12.78,1.55,257.879
21-11-2019,1464.4,97.99,13.13,1.55,257.879
22-11-2019,1462.29,98.27,12.34,1.55,257.879
23-11-2019,1462.29,98.27,12.34,1.55,257.879
24-11-2019,1462.29,98.27,12.34,1.55,257.879
25-11-2019,1454.97,98.32,11.87,1.55,257.879
26-11-2019,1461.6,98.25,11.54,1.55,257.879
27-11-2019,1454.35,98.37,11.75,1.55,257.879
28-11-2019,1458.34,98.37,11.75,1.55,257.879
29-11-2019,1464.8,98.27,12.62,1.56,257.879
30-11-2019,1464.8,98.27,12.62,1.56,257.879
01-12-2019,1464.8,98.27,12.62,1.56,258.63
02-12-2019,1462.44,97.86,14.91,1.56,258.63
03-12-2019,1477.34,97.74,15.96,1.55,258.63
04-12-2019,1474.35,97.65,14.8,1.55,258.63
05-12-2019,1475.7,97.41,14.52,1.55,258.63
06-12-2019,1459.76,97.7,13.62,1.55,258.63
07-12-2019,1459.76,97.7,13.62,1.55,258.63
08-12-2019,1459.76,97.7,13.62,1.55,258.63
09-12-2019,1461.99,97.64,15.86,1.55,258.63
10-12-2019,1464.21,97.41,15.68,1.55,258.63
11-12-2019,1474.85,97.08,14.99,1.55,258.63
12-12-2019,1469.43,97.4,13.94,1.55,258.63
13-12-2019,1475.81,97.17,12.63,1.55,258.63
14-12-2019,1475.81,97.17,12.63,1.55,258.63
15-12-2019,1475.81,97.17,12.63,1.55,258.63
16-12-2019,1476.25,97.02,12.14,1.56,258.63
17-12-2019,1476.45,97.22,12.29,1.55,258.63
18-12-2019,1475.44,97.4,12.58,1.55,258.63
19-12-2019,1479.15,97.38,12.5,1.55,258.63
20-12-2019,1478.2,97.69,12.51,1.55,258.63
21-12-2019,1478.2,97.69,12.51,1.55,258.63
22-12-2019,1478.2,97.69,12.51,1.55,258.63
23-12-2019,1485.52,97.66,12.61,1.55,258.63
24-12-2019,1499.56,97.65,12.67,1.55,258.63
25-12-2019,1499.55,97.65,12.67,1.55,258.63
26-12-2019,1511.55,97.53,12.65,1.55,258.63
27-12-2019,1510.67,96.92,13.43,1.55,258.63
28-12-2019,1510.67,96.92,13.43,1.55,258.63
29-12-2019,1510.67,96.92,13.43,1.55,258.63
30-12-2019,1515.22,96.74,14.82,1.55,258.63
31-12-2019,1517.39,96.39,13.78,1.55,258.63
01-01-2020,1517.3,96.39,13.78,1.55,259.127
02-01-2020,1528.94,96.85,12.47,1.55,259.127
03-01-2020,1551.65,96.84,14.02,1.55,259.127
04-01-2020,1551.65,96.84,14.02,1.55,259.127
05-01-2020,1551.65,96.84,14.02,1.55,259.127
06-01-2020,1565.96,96.67,13.85,1.55,259.127
07-01-2020,1573.99,97,13.79,1.55,259.127
08-01-2020,1555.81,97.3,13.45,1.55,259.127
09-01-2020,1552.37,97.45,12.54,1.55,259.127
10-01-2020,1562.28,97.36,12.56,1.54,259.127
11-01-2020,1562.28,97.36,12.56,1.54,259.127
12-01-2020,1562.28,97.36,12.56,1.54,259.127
13-01-2020,1548.3,97.34,12.32,1.54,259.127
14-01-2020,1546.37,97.37,12.39,1.54,259.127
15-01-2020,1556.19,97.23,12.42,1.54,259.127
16-01-2020,1552.79,97.32,12.32,1.54,259.127
17-01-2020,1556.61,97.64,12.1,1.55,259.127
18-01-2020,1556.61,97.64,12.1,1.55,259.127
19-01-2020,1556.61,97.64,12.1,1.55,259.127
20-01-2020,1561.58,97.61,12.1,1.55,259.127
21-01-2020,1558.02,97.53,12.85,1.55,259.127
22-01-2020,1558.91,97.53,12.91,1.55,259.127
23-01-2020,1563.33,97.69,12.98,1.55,259.127
24-01-2020,1570.65,97.85,14.56,1.55,259.127
25-01-2020,1570.65,97.85,14.56,1.55,259.127
26-01-2020,1570.65,97.85,14.56,1.55,259.127
27-01-2020,1581.95,97.96,18.23,1.55,259.127
28-01-2020,1566.24,98.02,16.28,1.55,259.127
29-01-2020,1577.12,97.99,16.39,1.55,259.127
30-01-2020,1574.22,97.87,15.49,1.6,259.127
31-01-2020,1590.2,97.39,18.84,1.59,259.127
01-02-2020,1590.2,97.39,18.84,1.59,259.25
02-02-2020,1590.2,97.39,18.84,1.59,259.25
03-02-2020,1576.45,97.8,17.97,1.59,259.25
04-02-2020,1552.55,97.96,16.05,1.59,259.25
05-02-2020,1556.7,98.3,15.15,1.59,259.25
06-02-2020,1566.85,98.5,14.96,1.59,259.25
07-02-2020,1570.29,98.68,15.47,1.58,259.25
08-02-2020,1570.29,98.68,15.47,1.58,259.25
09-02-2020,1570.29,98.68,15.47,1.58,259.25
10-02-2020,1572.3,98.83,15.04,1.58,259.25
11-02-2020,1567.72,98.72,15.18,1.58,259.25
12-02-2020,1565.63,99.05,13.74,1.58,259.25
13-02-2020,1576.39,99.07,14.15,1.58,259.25
14-02-2020,1584.7,99.12,13.68,1.58,259.25
15-02-2020,1584.7,99.12,13.68,1.58,259.25
16-02-2020,1584.7,99.12,13.68,1.58,259.25
17-02-2020,1581.1,99,13.68,1.58,259.25
18-02-2020,1601.91,99.44,14.83,1.59,259.25
19-02-2020,1611.64,99.71,14.38,1.59,259.25
20-02-2020,1619.7,99.86,15.56,1.59,259.25
21-02-2020,1643.7,99.26,17.08,1.58,259.25
22-02-2020,1643.7,99.26,17.08,1.58,259.25
23-02-2020,1643.7,99.26,17.08,1.58,259.25
24-02-2020,1660.72,99.36,25.03,1.58,259.25
25-02-2020,1635.38,98.97,27.85,1.58,259.25
26-02-2020,1639.96,99,27.56,1.58,259.25
27-02-2020,1642.35,98.51,39.16,1.58,259.25
28-02-2020,1585.12,98.13,40.11,1.58,259.25
29-02-2020,1585.12,98.13,40.11,1.58,259.25
01-03-2020,1585.12,98.13,40.11,1.58,258.076
02-03-2020,1590.73,97.36,33.42,1.59,258.076
03-03-2020,1639.77,97.15,36.82,1.59,258.076
04-03-2020,1635.83,97.34,31.99,1.09,258.076
05-03-2020,1670.61,96.82,39.62,1.09,258.076
06-03-2020,1674.23,95.95,41.94,1.09,258.076
07-03-2020,1674.23,95.95,41.94,1.09,258.076
08-03-2020,1674.23,95.95,41.94,1.09,258.076
09-03-2020,1680.2,94.89,54.46,1.09,258.076
10-03-2020,1649.36,96.41,47.3,1.09,258.076
11-03-2020,1635.03,96.51,53.9,1.09,258.076
12-03-2020,1577.09,97.47,75.47,1.1,258.076
13-03-2020,1529.7,98.75,57.83,1.1,258.076
14-03-2020,1529.7,98.75,57.83,1.1,258.076
15-03-2020,1529.7,98.75,57.83,1.1,258.076
16-03-2020,1514.61,98.07,82.69,0.25,258.076
17-03-2020,1528.58,99.57,75.91,0.25,258.076
18-03-2020,1486.3,101.16,76.45,0.25,258.076
19-03-2020,1471,102.75,72,0.2,258.076
20-03-2020,1498.24,102.82,66.04,0.15,258.076
21-03-2020,1498.24,102.82,66.04,0.15,258.076
22-03-2020,1498.24,102.82,66.04,0.15,258.076
23-03-2020,1553.81,102.49,61.59,0.15,258.076
24-03-2020,1622.03,102.04,61.67,0.12,258.076
25-03-2020,1613.79,101.05,63.95,0.1,258.076
26-03-2020,1632.38,99.35,61,0.1,258.076
27-03-2020,1623.5,98.36,65.54,0.1,258.076
28-03-2020,1623.5,98.36,65.54,0.1,258.076
29-03-2020,1623.5,98.36,65.54,0.1,258.076
30-03-2020,1623.3,99.18,57.08,0.09,258.076
31-03-2020,1571.31,99.05,53.54,0.08,258.076
01-04-2020,1595.05,99.67,57.06,0.06,256.032
02-04-2020,1613.79,100.18,50.91,0.05,256.032
03-04-2020,1618.45,100.58,46.8,0.05,256.032
04-04-2020,1618.45,100.58,46.8,0.05,256.032
05-04-2020,1618.45,100.58,46.8,0.05,256.032
06-04-2020,1663,100.68,45.24,0.05,256.032
07-04-2020,1648.95,99.9,46.7,0.05,256.032
08-04-2020,1646.52,100.12,43.35,0.05,256.032
09-04-2020,1684.07,99.52,41.67,0.05,256.032
10-04-2020,1689.9,99.52,41.67,0.05,256.032
11-04-2020,1689.9,99.52,41.67,0.05,256.032
12-04-2020,1689.9,99.52,41.67,0.05,256.032
13-04-2020,1714.32,99.35,41.17,0.05,256.032
14-04-2020,1729.7,98.89,37.76,0.05,256.032
15-04-2020,1716.6,99.46,40.84,0.05,256.032
16-04-2020,1718.4,100.03,40.11,0.05,256.032
17-04-2020,1684.69,99.78,38.15,0.05,256.032
18-04-2020,1684.69,99.78,38.15,0.05,256.032
19-04-2020,1684.69,99.78,38.15,0.05,256.032
20-04-2020,1694.12,99.96,43.83,0.05,256.032
21-04-2020,1687.02,100.26,45.41,0.05,256.032
22-04-2020,1714.82,100.39,41.98,0.05,256.032
23-04-2020,1731.59,100.43,41.38,0.04,256.032
24-04-2020,1729.43,100.38,35.93,0.05,256.032
25-04-2020,1729.43,100.38,35.93,0.05,256.032
26-04-2020,1729.43,100.38,35.93,0.05,256.032
27-04-2020,1715.57,100.04,33.29,0.04,256.032
28-04-2020,1708.63,99.86,33.57,0.04,256.032
29-04-2020,1712.38,99.57,31.23,0.04,256.032
30-04-2020,1685.05,99.02,34.15,0.05,256.032
01-05-2020,1700.41,99.08,37.19,0.05,255.802
02-05-2020,1700.41,99.08,37.19,0.05,255.802
03-05-2020,1700.41,99.08,37.19,0.05,255.802
04-05-2020,1701.69,99.48,35.97,0.05,255.802
05-05-2020,1707.17,99.71,33.61,0.05,255.802
06-05-2020,1685.88,100.09,34.12,0.05,255.802
07-05-2020,1717.94,99.89,31.44,0.05,255.802
08-05-2020,1702.65,99.73,27.98,0.05,255.802
09-05-2020,1702.65,99.73,27.98,0.05,255.802
10-05-2020,1702.65,99.73,27.98,0.05,255.802
11-05-2020,1697.35,100.24,27.57,0.05,255.802
12-05-2020,1702.72,99.93,33.04,0.05,255.802
13-05-2020,1715.99,100.24,35.28,0.05,255.802
14-05-2020,1730.65,100.47,32.61,0.05,255.802
15-05-2020,1743,100.4,31.89,0.05,255.802
16-05-2020,1743,100.4,31.89,0.05,255.802
17-05-2020,1743,100.4,31.89,0.05,255.802
18-05-2020,1732.32,99.67,29.3,0.05,255.802
19-05-2020,1745.11,99.37,30.53,0.05,255.802
20-05-2020,1749.5,99.12,27.99,0.05,255.802
21-05-2020,1726.34,99.37,29.53,0.05,255.802
22-05-2020,1736.07,99.86,28.16,0.05,255.802
23-05-2020,1736.07,99.86,28.16,0.05,255.802
24-05-2020,1736.07,99.86,28.16,0.05,255.802
25-05-2020,1729.57,99.86,28.16,0.05,255.802
26-05-2020,1712.45,98.91,28.01,0.05,255.802
27-05-2020,1709.25,99.06,27.62,0.05,255.802
28-05-2020,1719.4,98.38,28.59,0.05,255.802
29-05-2020,1728.3,98.34,27.51,0.05,255.802
30-05-2020,1728.3,98.34,27.51,0.05,255.802
31-05-2020,1728.3,98.34,27.51,0.05,255.802
01-06-2020,1740.34,97.83,28.23,0.05,257.042
02-06-2020,1727.97,97.67,26.84,0.06,257.042
03-06-2020,1698.63,97.28,25.66,0.06,257.042
04-06-2020,1711.84,96.68,25.81,0.06,257.042
05-06-2020,1685.83,96.94,24.52,0.07,257.042
06-06-2020,1685.83,96.94,24.52,0.07,257.042
07-06-2020,1685.83,96.94,24.52,0.07,257.042
08-06-2020,1695.47,96.62,25.81,0.07,257.042
09-06-2020,1714.57,96.32,27.57,0.07,257.042
10-06-2020,1737.1,95.96,27.57,0.08,257.042
11-06-2020,1727.51,96.73,40.79,0.08,257.042
12-06-2020,1730.8,97.32,36.09,0.08,257.042
13-06-2020,1730.8,97.32,36.09,0.08,257.042
14-06-2020,1730.8,97.32,36.09,0.08,257.042
15-06-2020,1725.53,96.71,34.4,0.09,257.042
16-06-2020,1727.46,96.96,33.67,0.09,257.042
17-06-2020,1727.04,97.16,33.47,0.09,257.042
18-06-2020,1722.99,97.42,32.94,0.09,257.042
19-06-2020,1743.62,97.62,35.12,0.09,257.042
20-06-2020,1743.62,97.62,35.12,0.09,257.042
21-06-2020,1743.62,97.62,35.12,0.09,257.042
22-06-2020,1755.44,97.04,31.77,0.08,257.042
23-06-2020,1767.54,96.65,31.37,0.08,257.042
24-06-2020,1762.43,97.15,33.84,0.08,257.042
25-06-2020,1761.82,97.43,32.22,0.08,257.042
26-06-2020,1771.47,97.43,34.73,0.08,257.042
27-06-2020,1771.47,97.43,34.73,0.08,257.042
28-06-2020,1771.47,97.43,34.73,0.08,257.042
29-06-2020,1772.28,97.54,31.78,0.08,257.042
30-06-2020,1781.66,97.39,30.43,0.08,257.042
01-07-2020,1770.32,97.2,28.62,0.08,258.352
02-07-2020,1776.13,97.32,27.68,0.09,258.352
03-07-2020,1775.05,97.17,27.68,0.09,258.352
04-07-2020,1775.05,97.17,27.68,0.09,258.352
05-07-2020,1775.05,97.17,27.68,0.09,258.352
06-07-2020,1783.9,96.72,27.94,0.09,258.352
07-07-2020,1795.26,96.88,29.43,0.09,258.352
08-07-2020,1810.78,96.43,28.08,0.09,258.352
09-07-2020,1803.19,96.7,29.26,0.09,258.352
10-07-2020,1798.89,96.65,27.29,0.09,258.352
11-07-2020,1798.89,96.65,27.29,0.09,258.352
12-07-2020,1798.89,96.65,27.29,0.09,258.352
13-07-2020,1803.39,96.46,32.19,0.09,258.352
14-07-2020,1807.78,96.26,29.52,0.09,258.352
15-07-2020,1811.9,96.08,27.76,0.1,258.352
16-07-2020,1797.05,96.35,28,0.1,258.352
17-07-2020,1809.9,95.94,25.68,0.09,258.352
18-07-2020,1809.9,95.94,25.68,0.09,258.352
19-07-2020,1809.9,95.94,25.68,0.09,258.352
20-07-2020,1816.09,95.83,24.46,0.1,258.352
21-07-2020,1842.22,95.12,24.84,0.1,258.352
22-07-2020,1872.07,94.99,24.32,0.09,258.352
23-07-2020,1887.44,94.69,26.08,0.09,258.352
24-07-2020,1901.46,94.43,25.84,0.09,258.352
25-07-2020,1901.46,94.43,25.84,0.09,258.352
26-07-2020,1901.46,94.43,25.84,0.09,258.352
27-07-2020,1942.42,93.67,24.74,0.1,258.352
28-07-2020,1959.5,93.7,25.44,0.1,258.352
29-07-2020,1970.73,93.45,24.1,0.1,258.352
30-07-2020,1960.5,93.02,24.76,0.1,258.352
31-07-2020,1975.89,93.35,24.46,0.1,258.352
01-08-2020,1975.89,93.35,24.46,0.1,259.316
02-08-2020,1975.89,93.35,24.46,0.1,259.316
03-08-2020,1977.25,93.54,24.28,0.1,259.316
04-08-2020,2018.52,93.38,23.76,0.1,259.316
05-08-2020,2040.4,92.87,22.99,0.1,259.316
06-08-2020,2063.81,92.79,22.65,0.1,259.316
07-08-2020,2035.03,93.43,22.21,0.1,259.316
08-08-2020,2035.03,93.43,22.21,0.1,259.316
09-08-2020,2035.03,93.43,22.21,0.1,259.316
10-08-2020,2027.77,93.58,22.13,0.1,259.316
11-08-2020,1911.64,93.63,24.03,0.1,259.316
12-08-2020,1918.07,93.44,22.28,0.1,259.316
13-08-2020,1954,93.33,22.13,0.1,259.316
14-08-2020,1944.29,93.1,22.05,0.1,259.316
15-08-2020,1944.29,93.1,22.05,0.1,259.316
16-08-2020,1944.29,93.1,22.05,0.1,259.316
17-08-2020,1986.2,92.85,21.35,0.1,259.316
18-08-2020,2001.2,92.27,21.51,0.09,259.316
19-08-2020,1929.82,92.89,22.54,0.09,259.316
20-08-2020,1943.6,92.79,22.72,0.09,259.316
21-08-2020,1940.16,93.25,22.54,0.09,259.316
22-08-2020,1940.16,93.25,22.54,0.09,259.316
23-08-2020,1940.16,93.25,22.54,0.09,259.316
24-08-2020,1933.09,93.3,22.37,0.09,259.316
25-08-2020,1928.19,93.02,22.03,0.09,259.316
26-08-2020,1954.03,93.01,23.27,0.09,259.316
27-08-2020,1929.2,93,24.47,0.08,259.316
28-08-2020,1964.89,92.37,22.96,0.09,259.316
29-08-2020,1964.89,92.37,22.96,0.09,259.316
30-08-2020,1964.89,92.37,22.96,0.09,259.316
31-08-2020,1970.15,92.14,26.41,0.09,259.316
01-09-2020,1970.49,92.34,26.12,0.09,259.997
02-09-2020,1942.98,92.85,26.57,0.09,259.997
03-09-2020,1930.85,92.74,33.6,0.09,259.997
04-09-2020,1932.85,92.72,30.75,0.09,259.997
05-09-2020,1932.85,92.72,30.75,0.09,259.997
06-09-2020,1932.85,92.72,30.75,0.09,259.997
07-09-2020,1929.18,92.72,30.75,0.09,259.997
08-09-2020,1931.26,93.44,31.46,0.09,259.997
09-09-2020,1946.66,93.25,28.81,0.09,259.997
10-09-2020,1954.07,93.34,29.71,0.09,259.997
11-09-2020,1941.5,93.33,26.87,0.09,259.997
12-09-2020,1941.5,93.33,26.87,0.09,259.997
13-09-2020,1941.5,93.33,26.87,0.09,259.997
14-09-2020,1956.37,93.05,25.85,0.09,259.997
15-09-2020,1955.52,93.05,25.59,0.09,259.997
16-09-2020,1959.32,93.21,26.04,0.09,259.997
17-09-2020,1942.6,92.97,26.46,0.09,259.997
18-09-2020,1949.69,92.93,25.83,0.09,259.997
19-09-2020,1949.69,92.93,25.83,0.09,259.997
20-09-2020,1949.69,92.93,25.83,0.09,259.997
21-09-2020,1912.57,93.66,27.78,0.09,259.997
22-09-2020,1899.28,93.99,26.86,0.09,259.997
23-09-2020,1863.55,94.39,28.58,0.09,259.997
24-09-2020,1868.04,94.35,28.51,0.09,259.997
25-09-2020,1860.05,94.64,26.38,0.09,259.997
26-09-2020,1860.05,94.64,26.38,0.09,259.997
27-09-2020,1860.05,94.64,26.38,0.09,259.997
28-09-2020,1880.85,94.28,26.19,0.09,259.997
29-09-2020,1897.69,93.89,26.27,0.09,259.997
30-09-2020,1885.44,93.89,26.37,0.09,259.997
01-10-2020,1905.05,93.71,26.7,0.09,260.319
02-10-2020,1898.7,93.84,27.63,0.09,260.319
03-10-2020,1898.7,93.84,27.63,0.09,260.319
04-10-2020,1898.7,93.84,27.63,0.09,260.319
05-10-2020,1912.9,93.51,27.96,0.09,260.319
06-10-2020,1877.13,93.69,29.48,0.09,260.319
07-10-2020,1887.22,93.63,28.06,0.09,260.319
08-10-2020,1893.09,93.61,26.36,0.09,260.319
09-10-2020,1929.43,93.06,25,0.09,260.319
10-10-2020,1929.43,93.06,25,0.09,260.319
11-10-2020,1929.43,93.06,25,0.09,260.319
12-10-2020,1921.95,93.07,25.07,0.09,260.319
13-10-2020,1890.82,93.53,26.07,0.09,260.319
14-10-2020,1900.89,93.38,26.4,0.09,260.319
15-10-2020,1907.82,93.86,26.97,0.09,260.319
16-10-2020,1898.97,93.68,27.41,0.09,260.319
17-10-2020,1898.97,93.68,27.41,0.09,260.319
18-10-2020,1898.97,93.68,27.41,0.09,260.319
19-10-2020,1904.27,93.43,29.18,0.09,260.319
20-10-2020,1906.39,93.07,29.35,0.09,260.319
21-10-2020,1924.49,92.61,28.65,0.09,260.319
22-10-2020,1904.04,92.95,28.11,0.09,260.319
23-10-2020,1900.79,92.77,27.55,0.09,260.319
24-10-2020,1900.79,92.77,27.55,0.09,260.319
25-10-2020,1900.79,92.77,27.55,0.09,260.319
26-10-2020,1901.69,93.04,32.46,0.09,260.319
27-10-2020,1906.83,92.94,33.35,0.09,260.319
28-10-2020,1877.06,93.4,40.28,0.09,260.319
29-10-2020,1867.13,93.96,37.59,0.09,260.319
30-10-2020,1877.95,94.04,38.02,0.09,260.319
31-10-2020,1877.95,94.04,38.02,0.09,260.319
01-11-2020,1877.95,94.04,38.02,0.09,260.911
02-11-2020,1895.1,94.13,37.13,0.09,260.911
03-11-2020,1908.36,93.55,35.55,0.09,260.911
04-11-2020,1903.21,93.41,29.57,0.09,260.911
05-11-2020,1948.56,92.53,27.58,0.09,260.911
06-11-2020,1951.51,92.23,24.86,0.09,260.911
07-11-2020,1951.51,92.23,24.86,0.09,260.911
08-11-2020,1951.51,92.23,24.86,0.09,260.911
09-11-2020,1861.86,92.72,25.75,0.09,260.911
10-11-2020,1876.5,92.75,24.8,0.09,260.911
11-11-2020,1864.71,93.04,23.45,0.09,260.911
12-11-2020,1875.76,92.96,25.35,0.09,260.911
13-11-2020,1888.04,92.75,23.1,0.09,260.911
14-11-2020,1888.04,92.75,23.1,0.09,260.911
15-11-2020,1888.04,92.75,23.1,0.09,260.911
16-11-2020,1888.52,92.64,22.45,0.09,260.911
17-11-2020,1878.6,92.42,22.71,0.09,260.911
18-11-2020,1871.41,92.32,23.84,0.09,260.911
19-11-2020,1867.37,92.29,23.11,0.08,260.911
20-11-2020,1870.49,92.39,23.7,0.08,260.911
21-11-2020,1870.49,92.39,23.7,0.08,260.911
22-11-2020,1870.49,92.39,23.7,0.08,260.911
23-11-2020,1835.85,92.5,22.66,0.08,260.911
24-11-2020,1807.51,92.23,21.64,0.08,260.911
25-11-2020,1805.3,91.99,21.25,0.08,260.911
26-11-2020,1810.57,91.99,21.25,0.08,260.911
27-11-2020,1788.13,91.79,20.84,0.08,260.911
28-11-2020,1788.13,91.79,20.84,0.08,260.911
29-11-2020,1788.13,91.79,20.84,0.08,260.911
30-11-2020,1777.02,91.87,20.57,0.09,260.911
01-12-2020,1814.87,91.31,20.77,0.09,262.045
02-12-2020,1831.01,91.12,21.17,0.09,262.045
03-12-2020,1840.36,90.71,21.28,0.09,262.045
04-12-2020,1837.61,90.7,20.79,0.09,262.045
05-12-2020,1837.61,90.7,20.79,0.09,262.045
06-12-2020,1837.61,90.7,20.79,0.09,262.045
07-12-2020,1863.69,90.79,21.3,0.09,262.045
08-12-2020,1871.36,90.96,20.68,0.09,262.045
09-12-2020,1839.11,91.09,22.27,0.09,262.045
10-12-2020,1835.31,90.82,22.52,0.09,262.045
11-12-2020,1839.03,90.98,23.31,0.09,262.045
12-12-2020,1839.03,90.98,23.31,0.09,262.045
13-12-2020,1839.03,90.98,23.31,0.09,262.045
14-12-2020,1827.17,90.71,24.72,0.09,262.045
15-12-2020,1853.46,90.47,22.89,0.09,262.045
16-12-2020,1864.15,90.45,22.5,0.09,262.045
17-12-2020,1885.87,89.82,21.93,0.09,262.045
18-12-2020,1880.66,90.02,21.57,0.09,262.045
19-12-2020,1880.66,90.02,21.57,0.09,262.045
20-12-2020,1880.66,90.02,21.57,0.09,262.045
21-12-2020,1876.21,90.04,25.16,0.09,262.045
22-12-2020,1859.56,90.65,24.23,0.09,262.045
23-12-2020,1872.08,90.41,23.31,0.09,262.045
24-12-2020,1876.56,90.32,21.53,0.09,262.045
25-12-2020,1875.82,90.32,21.53,0.09,262.045
26-12-2020,1875.82,90.32,21.53,0.09,262.045
27-12-2020,1875.82,90.32,21.53,0.09,262.045
28-12-2020,1871.19,90.34,21.7,0.09,262.045
29-12-2020,1877.99,89.99,23.08,0.09,262.045
30-12-2020,1893.37,89.68,22.77,0.09,262.045
31-12-2020,1896.49,89.94,22.75,0.09,262.045
01-01-2021,1898.1,89.94,22.75,0.09,262.687
02-01-2021,1898.1,89.94,22.75,0.09,262.687
03-01-2021,1898.1,89.94,22.75,0.09,262.687
04-01-2021,1942.28,89.87,26.97,0.09,262.687
05-01-2021,1949.35,89.44,25.34,0.09,262.687
06-01-2021,1918.81,89.53,25.07,0.09,262.687
07-01-2021,1912.5,89.83,22.37,0.09,262.687
08-01-2021,1848.26,90.1,21.56,0.09,262.687
09-01-2021,1848.26,90.1,21.56,0.09,262.687
10-01-2021,1848.26,90.1,21.56,0.09,262.687
11-01-2021,1844.66,90.46,24.08,0.09,262.687
12-01-2021,1855.63,90.09,23.33,0.09,262.687
13-01-2021,1843.41,90.36,22.21,0.09,262.687
14-01-2021,1846.37,90.24,23.25,0.09,262.687
15-01-2021,1826.59,90.77,24.34,0.09,262.687
16-01-2021,1826.59,90.77,24.34,0.09,262.687
17-01-2021,1826.59,90.77,24.34,0.09,262.687
18-01-2021,1836.89,90.76,24.34,0.09,262.687
19-01-2021,1839.34,90.5,23.24,0.09,262.687
20-01-2021,1870.91,90.47,21.58,0.09,262.687
21-01-2021,1869.91,90.13,21.32,0.08,262.687
22-01-2021,1852.55,90.24,21.91,0.08,262.687
23-01-2021,1852.55,90.24,21.91,0.08,262.687
24-01-2021,1852.55,90.24,21.91,0.08,262.687
25-01-2021,1854.99,90.39,23.19,0.08,262.687
26-01-2021,1850.31,90.17,23.02,0.08,262.687
27-01-2021,1843.99,90.65,37.21,0.08,262.687
28-01-2021,1840.36,90.46,30.21,0.07,262.687
29-01-2021,1846.09,90.58,33.09,0.07,262.687
30-01-2021,1846.09,90.58,33.09,0.07,262.687
31-01-2021,1846.09,90.58,33.09,0.07,262.687
01-02-2021,1860.16,90.98,30.24,0.08,263.579
02-02-2021,1837.35,91.2,25.56,0.08,263.579
03-02-2021,1833.76,91.17,22.91,0.08,263.579
04-02-2021,1792.26,91.53,21.77,0.08,263.579
05-02-2021,1811.62,91.04,20.87,0.08,263.579
06-02-2021,1811.62,91.04,20.87,0.08,263.579
07-02-2021,1811.62,91.04,20.87,0.08,263.579
08-02-2021,1830.16,90.93,21.24,0.07,263.579
09-02-2021,1837.06,90.44,21.63,0.08,263.579
10-02-2021,1842.22,90.37,21.99,0.08,263.579
11-02-2021,1825.36,90.42,21.25,0.08,263.579
12-02-2021,1823.46,90.48,19.97,0.08,263.579
13-02-2021,1823.46,90.48,19.97,0.08,263.579
14-02-2021,1823.46,90.48,19.97,0.08,263.579
15-02-2021,1818.51,90.48,19.97,0.08,263.579
16-02-2021,1794.31,90.51,21.46,0.08,263.579
17-02-2021,1776.26,90.95,21.5,0.08,263.579
18-02-2021,1775.49,90.59,22.49,0.07,263.579
19-02-2021,1782.31,90.36,22.05,0.07,263.579
20-02-2021,1782.31,90.36,22.05,0.07,263.579
21-02-2021,1782.31,90.36,22.05,0.07,263.579
22-02-2021,1808.66,90.01,23.45,0.07,263.579
23-02-2021,1805.06,90.17,23.11,0.07,263.579
24-02-2021,1804.36,90.18,21.34,0.07,263.579
25-02-2021,1769.88,90.13,28.89,0.07,263.579
26-02-2021,1733.49,90.88,27.95,0.07,263.579
27-02-2021,1733.49,90.88,27.95,0.07,263.579
28-02-2021,1733.49,90.88,27.95,0.07,263.579
01-03-2021,1723.84,91.04,23.35,0.07,264.961
02-03-2021,1738.09,90.79,24.1,0.07,264.961
03-03-2021,1710.95,90.95,26.67,0.07,264.961
04-03-2021,1697.19,91.63,28.57,0.07,264.961
05-03-2021,1700.86,91.98,24.66,0.07,264.961
06-03-2021,1700.86,91.98,24.66,0.07,264.961
07-03-2021,1700.86,91.98,24.66,0.07,264.961
08-03-2021,1681.24,92.31,25.47,0.07,264.961
09-03-2021,1715.36,91.96,24.03,0.07,264.961
10-03-2021,1726.05,91.82,22.56,0.07,264.961
11-03-2021,1721.41,91.42,21.91,0.07,264.961
12-03-2021,1726.41,91.68,20.69,0.07,264.961
13-03-2021,1726.41,91.68,20.69,0.07,264.961
14-03-2021,1726.41,91.68,20.69,0.07,264.961
15-03-2021,1731.84,91.83,20.03,0.07,264.961
16-03-2021,1730.94,91.86,19.79,0.07,264.961
17-03-2021,1744.44,91.44,19.23,0.07,264.961
18-03-2021,1736.41,91.86,21.58,0.07,264.961
19-03-2021,1744.74,91.92,20.95,0.07,264.961
20-03-2021,1744.74,91.92,20.95,0.07,264.961
21-03-2021,1744.74,91.92,20.95,0.07,264.961
22-03-2021,1738.69,91.74,18.88,0.07,264.961
23-03-2021,1727.11,92.34,20.3,0.07,264.961
24-03-2021,1734.19,92.53,21.2,0.07,264.961
25-03-2021,1726.82,92.53,19.81,0.07,264.961
26-03-2021,1731.97,92.77,18.86,0.07,264.961
27-03-2021,1731.97,92.77,18.86,0.07,264.961
28-03-2021,1731.97,92.77,18.86,0.07,264.961
29-03-2021,1711.99,92.94,20.74,0.07,264.961
30-03-2021,1684.8,93.3,19.61,0.07,264.961
31-03-2021,1707.01,93.23,19.4,0.06,264.961
01-04-2021,1730.18,92.93,17.33,0.07,266.614
02-04-2021,1728.84,93.02,17.33,0.07,266.614
03-04-2021,1728.84,93.02,17.33,0.07,266.614
04-04-2021,1728.84,93.02,17.33,0.07,266.614
05-04-2021,1728.44,92.6,17.91,0.07,266.614
06-04-2021,1743.57,92.33,18.12,0.07,266.614
07-04-2021,1737.28,92.46,17.16,0.07,266.614
08-04-2021,1755.94,92.06,16.95,0.07,266.614
09-04-2021,1743.1,92.16,16.69,0.07,266.614
10-04-2021,1743.1,92.16,16.69,0.07,266.614
11-04-2021,1743.1,92.16,16.69,0.07,266.614
12-04-2021,1732.51,92.14,16.91,0.07,266.614
13-04-2021,1743.83,91.85,16.65,0.07,266.614
14-04-2021,1736,91.69,16.99,0.07,266.614
15-04-2021,1763.21,91.69,16.57,0.07,266.614
16-04-2021,1776.31,91.56,16.25,0.07,266.614
17-04-2021,1776.31,91.56,16.25,0.07,266.614
18-04-2021,1776.31,91.56,16.25,0.07,266.614
19-04-2021,1769.31,91.07,17.29,0.07,266.614
20-04-2021,1777.25,91.24,18.68,0.07,266.614
21-04-2021,1793.46,91.15,17.5,0.07,266.614
22-04-2021,1783.94,91.33,18.71,0.07,266.614
23-04-2021,1777.18,90.86,17.33,0.07,266.614
24-04-2021,1777.18,90.86,17.33,0.07,266.614
25-04-2021,1777.18,90.86,17.33,0.07,266.614
26-04-2021,1780.19,90.81,17.64,0.07,266.614
27-04-2021,1776.69,90.91,17.56,0.07,266.614
28-04-2021,1781.32,90.61,17.28,0.07,266.614
29-04-2021,1771.24,90.61,17.61,0.06,266.614
30-04-2021,1768.59,91.28,18.61,0.05,266.614
01-05-2021,1768.59,91.28,18.61,0.05,268.383
02-05-2021,1768.59,91.28,18.61,0.05,268.383
03-05-2021,1792.36,90.94,18.31,0.06,268.383
04-05-2021,1778.48,91.29,19.48,0.06,268.383
05-05-2021,1786.44,91.31,19.15,0.06,268.383
06-05-2021,1815.18,90.95,18.39,0.06,268.383
07-05-2021,1830.48,90.23,16.69,0.06,268.383
08-05-2021,1830.48,90.23,16.69,0.06,268.383
09-05-2021,1830.48,90.23,16.69,0.06,268.383
10-05-2021,1835.44,90.21,19.66,0.06,268.383
11-05-2021,1836.94,90.14,21.84,0.06,268.383
12-05-2021,1815.44,90.71,27.59,0.06,268.383
13-05-2021,1826.57,90.75,23.13,0.06,268.383
14-05-2021,1842.19,90.32,18.81,0.06,268.383
15-05-2021,1842.19,90.32,18.81,0.06,268.383
16-05-2021,1842.19,90.32,18.81,0.06,268.383
17-05-2021,1866.13,90.16,19.72,0.06,268.383
18-05-2021,1868.22,89.75,21.34,0.06,268.383
19-05-2021,1869.57,90.19,22.18,0.06,268.383
20-05-2021,1876.69,89.81,20.67,0.06,268.383
21-05-2021,1880.3,90.02,20.15,0.06,268.383
22-05-2021,1880.3,90.02,20.15,0.06,268.383
23-05-2021,1880.3,90.02,20.15,0.06,268.383
24-05-2021,1881.07,89.84,18.4,0.06,268.383
25-05-2021,1899.26,89.64,18.84,0.06,268.383
26-05-2021,1896.44,90.04,17.36,0.06,268.383
27-05-2021,1896.08,89.97,16.74,0.06,268.383
28-05-2021,1902.64,90.03,16.76,0.05,268.383
29-05-2021,1902.64,90.03,16.76,0.05,268.383
30-05-2021,1902.64,90.03,16.76,0.05,268.383
31-05-2021,1906.36,90.03,16.76,0.05,268.383
01-06-2021,1900.19,89.83,17.9,0.06,270.654
02-06-2021,1907.94,89.91,17.48,0.06,270.654
03-06-2021,1870.57,90.51,18.04,0.06,270.654
04-06-2021,1889.97,90.14,16.42,0.06,270.654
05-06-2021,1889.97,90.14,16.42,0.06,270.654
06-06-2021,1889.97,90.14,16.42,0.06,270.654
07-06-2021,1899,89.95,16.42,0.06,270.654
08-06-2021,1892.82,90.08,17.07,0.06,270.654
09-06-2021,1888.3,90.12,17.89,0.06,270.654
10-06-2021,1898.14,90.07,16.1,0.06,270.654
11-06-2021,1876.64,90.56,15.65,0.06,270.654
12-06-2021,1876.64,90.56,15.65,0.06,270.654
13-06-2021,1876.64,90.56,15.65,0.06,270.654
14-06-2021,1865.99,90.52,16.39,0.06,270.654
15-06-2021,1858.69,90.54,17.02,0.06,270.654
16-06-2021,1811.95,91.13,18.15,0.06,270.654
17-06-2021,1773.31,91.89,17.75,0.1,270.654
18-06-2021,1763.34,92.22,20.7,0.1,270.654
19-06-2021,1763.34,92.22,20.7,0.1,270.654
20-06-2021,1763.34,92.22,20.7,0.1,270.654
21-06-2021,1782.95,91.9,17.89,0.1,270.654
22-06-2021,1778.51,91.76,16.66,0.1,270.654
23-06-2021,1778.73,91.8,16.32,0.1,270.654
24-06-2021,1775.18,91.81,15.97,0.1,270.654
25-06-2021,1780.34,91.85,15.62,0.1,270.654
26-06-2021,1780.34,91.85,15.62,0.1,270.654
27-06-2021,1780.34,91.85,15.62,0.1,270.654
28-06-2021,1778.18,91.89,15.76,0.1,270.654
29-06-2021,1761.09,92.05,16.02,0.1,270.654
30-06-2021,1769.8,92.44,15.83,0.08,270.654
01-07-2021,1776.6,92.6,15.48,0.1,271.903
02-07-2021,1786.79,92.23,15.07,0.1,271.903
03-07-2021,1786.79,92.23,15.07,0.1,271.903
04-07-2021,1786.79,92.23,15.07,0.1,271.903
05-07-2021,1791.61,92.21,15.07,0.1,271.903
06-07-2021,1796.69,92.55,16.44,0.1,271.903
07-07-2021,1803.41,92.64,16.2,0.1,271.903
08-07-2021,1802.56,92.42,19,0.1,271.903
09-07-2021,1807.98,92.13,16.18,0.1,271.903
10-07-2021,1807.98,92.13,16.18,0.1,271.903
11-07-2021,1807.98,92.13,16.18,0.1,271.903
12-07-2021,1805.88,92.26,16.17,0.1,271.903
13-07-2021,1807.44,92.75,17.12,0.1,271.903
14-07-2021,1827.06,92.41,16.33,0.1,271.903
15-07-2021,1829.19,92.62,17.01,0.1,271.903
16-07-2021,1810.89,92.69,18.45,0.1,271.903
17-07-2021,1810.89,92.69,18.45,0.1,271.903
18-07-2021,1810.89,92.69,18.45,0.1,271.903
19-07-2021,1812.34,92.89,22.5,0.1,271.903
20-07-2021,1810.03,92.97,19.73,0.1,271.903
21-07-2021,1803.31,92.75,17.91,0.1,271.903
22-07-2021,1806.69,92.82,17.69,0.1,271.903
23-07-2021,1801.34,92.91,17.2,0.1,271.903
24-07-2021,1801.34,92.91,17.2,0.1,271.903
25-07-2021,1801.34,92.91,17.2,0.1,271.903
26-07-2021,1797.27,92.65,17.58,0.1,271.903
27-07-2021,1798.73,92.43,19.36,0.1,271.903
28-07-2021,1806.88,92.32,18.31,0.1,271.903
29-07-2021,1827.95,91.86,17.7,0.1,271.903
30-07-2021,1813.58,92.17,18.24,0.07,271.903
31-07-2021,1813.58,92.17,18.24,0.07,271.903
01-08-2021,1813.58,92.17,18.24,0.07,272.676
02-08-2021,1813.39,92.05,19.46,0.1,272.676
03-08-2021,1809.94,92.08,18.04,0.1,272.676
04-08-2021,1811.41,92.27,17.97,0.1,272.676
05-08-2021,1804.01,92.24,17.28,0.1,272.676
06-08-2021,1762.69,92.8,16.15,0.1,272.676
07-08-2021,1762.69,92.8,16.15,0.1,272.676
08-08-2021,1762.69,92.8,16.15,0.1,272.676
09-08-2021,1729.46,92.94,16.72,0.1,272.676
10-08-2021,1728.71,93.06,16.79,0.1,272.676
11-08-2021,1751.56,92.92,16.06,0.1,272.676
12-08-2021,1752.44,93.04,15.59,0.1,272.676
13-08-2021,1779.15,92.52,15.45,0.1,272.676
14-08-2021,1779.15,92.52,15.45,0.1,272.676
15-08-2021,1779.15,92.52,15.45,0.1,272.676
16-08-2021,1787.24,92.63,16.12,0.1,272.676
17-08-2021,1785.96,93.13,17.91,0.1,272.676
18-08-2021,1787.59,93.14,21.57,0.09,272.676
19-08-2021,1780.18,93.57,21.67,0.09,272.676
20-08-2021,1780.87,93.5,18.56,0.09,272.676
21-08-2021,1780.87,93.5,18.56,0.09,272.676
22-08-2021,1780.87,93.5,18.56,0.09,272.676
23-08-2021,1805.2,92.96,17.15,0.09,272.676
24-08-2021,1802.61,92.89,17.22,0.09,272.676
25-08-2021,1790.68,92.82,16.79,0.09,272.676
26-08-2021,1792.16,93.06,18.84,0.09,272.676
27-08-2021,1816.67,92.69,16.39,0.08,272.676
28-08-2021,1816.67,92.69,16.39,0.08,272.676
29-08-2021,1816.67,92.69,16.39,0.08,272.676
30-08-2021,1810.17,92.65,16.19,0.08,272.676
31-08-2021,1813.43,92.63,16.48,0.06,272.676
01-09-2021,1813.66,92.45,16.11,0.08,273.91
02-09-2021,1809.4,92.22,16.41,0.08,273.91
03-09-2021,1826.19,92.04,16.41,0.08,273.91
04-09-2021,1826.19,92.04,16.41,0.08,273.91
05-09-2021,1826.19,92.04,16.41,0.08,273.91
06-09-2021,1823.1,92.04,16.41,0.08,273.91
07-09-2021,1794.13,92.51,18.14,0.08,273.91
08-09-2021,1788.93,92.65,17.96,0.08,273.91
09-09-2021,1794.69,92.48,18.8,0.08,273.91
10-09-2021,1787.34,92.58,20.95,0.08,273.91
11-09-2021,1787.34,92.58,20.95,0.08,273.91
12-09-2021,1787.34,92.58,20.95,0.08,273.91
13-09-2021,1793.49,92.68,19.37,0.08,273.91
14-09-2021,1804.27,92.62,19.46,0.08,273.91
15-09-2021,1792.59,92.55,18.18,0.08,273.91
16-09-2021,1753.39,92.93,18.69,0.08,273.91
17-09-2021,1754.16,93.19,20.81,0.08,273.91
18-09-2021,1754.16,93.19,20.81,0.08,273.91
19-09-2021,1754.16,93.19,20.81,0.08,273.91
20-09-2021,1763.88,93.28,25.71,0.08,273.91
21-09-2021,1774.25,93.2,24.36,0.08,273.91
22-09-2021,1767.91,93.46,20.87,0.08,273.91
23-09-2021,1742.57,93.03,18.63,0.08,273.91
24-09-2021,1749.86,93.33,17.75,0.08,273.91
25-09-2021,1749.86,93.33,17.75,0.08,273.91
26-09-2021,1749.86,93.33,17.75,0.08,273.91
27-09-2021,1749.85,93.38,18.76,0.08,273.91
28-09-2021,1733.68,93.77,23.25,0.08,273.91
29-09-2021,1726.11,94.34,22.56,0.08,273.91
30-09-2021,1756.66,94.23,23.14,0.06,273.91
01-10-2021,1760.36,94.04,21.15,0.08,276.55
02-10-2021,1760.36,94.04,21.15,0.08,276.55
03-10-2021,1760.36,94.04,21.15,0.08,276.55
04-10-2021,1769.51,93.78,22.96,0.08,276.55
05-10-2021,1759.96,93.97,21.3,0.08,276.55
06-10-2021,1762.48,94.27,21,0.08,276.55
07-10-2021,1755.29,94.22,19.54,0.08,276.55
08-10-2021,1756.67,94.07,18.77,0.08,276.55
09-10-2021,1756.67,94.07,18.77,0.08,276.55
10-10-2021,1756.67,94.07,18.77,0.08,276.55
11-10-2021,1753.86,94.32,20,0.08,276.55
12-10-2021,1759.93,94.52,19.85,0.08,276.55
13-10-2021,1792.65,94.08,18.64,0.08,276.55
14-10-2021,1795.56,93.96,16.86,0.08,276.55
15-10-2021,1767.26,93.94,16.3,0.08,276.55
16-10-2021,1767.26,93.94,16.3,0.08,276.55
17-10-2021,1767.26,93.94,16.3,0.08,276.55
18-10-2021,1764.6,93.95,16.31,0.08,276.55
19-10-2021,1768.87,93.73,15.7,0.08,276.55
20-10-2021,1781.83,93.56,15.49,0.08,276.55
21-10-2021,1782.76,93.77,15.01,0.08,276.55
22-10-2021,1792.48,93.64,15.43,0.08,276.55
23-10-2021,1792.48,93.64,15.43,0.08,276.55
24-10-2021,1792.48,93.64,15.43,0.08,276.55
25-10-2021,1807.47,93.81,15.24,0.08,276.55
26-10-2021,1792.63,93.95,15.98,0.08,276.55
27-10-2021,1796.69,93.8,16.98,0.08,276.55
28-10-2021,1798.62,93.35,16.53,0.08,276.55
29-10-2021,1782.81,94.12,16.26,0.07,276.55
30-10-2021,1782.81,94.12,16.26,0.07,276.55
31-10-2021,1782.81,94.12,16.26,0.07,276.55
01-11-2021,1793.05,93.88,16.41,0.08,278.919
02-11-2021,1787.28,94.09,16.03,0.08,278.919
03-11-2021,1769.52,93.86,15.1,0.08,278.919
04-11-2021,1791.7,94.35,15.44,0.08,278.919
05-11-2021,1816.73,94.32,16.48,0.08,278.919
06-11-2021,1816.73,94.32,16.48,0.08,278.919
07-11-2021,1816.73,94.32,16.48,0.08,278.919
08-11-2021,1824.26,94.05,17.22,0.08,278.919
09-11-2021,1831.48,93.96,17.78,0.08,278.919
10-11-2021,1849.57,94.85,18.73,0.08,278.919
11-11-2021,1861.52,95.18,17.66,0.08,278.919
12-11-2021,1864.04,95.13,16.29,0.08,278.919
13-11-2021,1864.04,95.13,16.29,0.08,278.919
14-11-2021,1864.04,95.13,16.29,0.08,278.919
15-11-2021,1862.46,95.41,16.49,0.08,278.919
16-11-2021,1849.91,95.92,16.37,0.08,278.919
17-11-2021,1866.96,95.83,17.11,0.08,278.919
18-11-2021,1858.46,95.54,17.59,0.08,278.919
19-11-2021,1844.6,96.03,17.91,0.08,278.919
20-11-2021,1844.6,96.03,17.91,0.08,278.919
21-11-2021,1844.6,96.03,17.91,0.08,278.919
22-11-2021,1805.04,96.55,19.17,0.08,278.919
23-11-2021,1789.73,96.49,19.38,0.08,278.919
24-11-2021,1788.5,96.88,18.58,0.08,278.919
25-11-2021,1788.45,96.77,18.58,0.08,278.919
26-11-2021,1791.81,96.09,28.62,0.08,278.919
27-11-2021,1791.81,96.09,28.62,0.08,278.919
28-11-2021,1791.81,96.09,28.62,0.08,278.919
29-11-2021,1785.01,96.34,22.96,0.08,278.919
30-11-2021,1773.78,95.99,27.19,0.07,278.919
01-12-2021,1782.66,96.03,31.12,0.08,280.845
02-12-2021,1768.64,96.16,27.95,0.08,280.845
03-12-2021,1783.74,96.12,30.67,0.08,280.845
04-12-2021,1783.74,96.12,30.67,0.08,280.845
05-12-2021,1783.74,96.12,30.67,0.08,280.845
06-12-2021,1778.11,96.33,27.18,0.08,280.845
07-12-2021,1784.04,96.37,21.89,0.08,280.845
08-12-2021,1782.06,95.89,19.9,0.08,280.845
09-12-2021,1774.46,96.27,21.58,0.08,280.845
10-12-2021,1782.51,96.1,18.69,0.08,280.845
11-12-2021,1782.51,96.1,18.69,0.08,280.845
12-12-2021,1782.51,96.1,18.69,0.08,280.845
13-12-2021,1786.94,96.32,20.31,0.08,280.845
14-12-2021,1770.18,96.57,21.89,0.08,280.845
15-12-2021,1777.06,96.51,19.29,0.08,280.845
16-12-2021,1799.03,96.04,20.57,0.08,280.845
17-12-2021,1797.68,96.57,21.57,0.08,280.845
18-12-2021,1797.68,96.57,21.57,0.08,280.845
19-12-2021,1797.68,96.57,21.57,0.08,280.845
20-12-2021,1789.32,96.55,22.87,0.08,280.845
21-12-2021,1788.36,96.49,21.01,0.08,280.845
22-12-2021,1803.4,96.08,18.63,0.08,280.845
23-12-2021,1807.91,96.02,17.96,0.08,280.845
24-12-2021,1808.11,96.02,17.96,0.08,280.845
25-12-2021,1808.11,96.02,17.96,0.08,280.845
26-12-2021,1808.11,96.02,17.96,0.08,280.845
27-12-2021,1810.9,96.09,17.68,0.08,280.845
28-12-2021,1805.37,96.2,17.54,0.08,280.845
29-12-2021,1803.66,95.93,16.95,0.08,280.845
30-12-2021,1815.01,95.97,17.33,0.08,280.845
31-12-2021,1828.39,95.97,17.22,0.07,280.845
01-01-2022,1828.39,95.97,17.22,0.07,282.543
02-01-2022,1828.39,95.97,17.22,0.07,282.543
03-01-2022,1800.85,96.21,16.6,0.08,282.543
04-01-2022,1814.56,96.26,16.91,0.08,282.543
05-01-2022,1809.53,96.17,19.73,0.08,282.543
06-01-2022,1788.68,96.32,19.61,0.08,282.543
07-01-2022,1795.63,95.72,18.76,0.08,282.543
08-01-2022,1795.63,95.72,18.76,0.08,282.543
09-01-2022,1795.63,95.72,18.76,0.08,282.543
10-01-2022,1801.41,95.99,19.4,0.08,282.543
11-01-2022,1822.01,95.62,18.41,0.08,282.543
12-01-2022,1825.32,94.92,17.62,0.08,282.543
13-01-2022,1822.09,94.79,20.31,0.08,282.543
14-01-2022,1817.22,95.17,19.19,0.08,282.543
15-01-2022,1817.22,95.17,19.19,0.08,282.543
16-01-2022,1817.22,95.17,19.19,0.08,282.543
17-01-2022,1818.99,95.26,19.19,0.08,282.543
18-01-2022,1813.54,95.73,22.79,0.08,282.543
19-01-2022,1839.96,95.51,23.85,0.08,282.543
20-01-2022,1838.36,95.74,25.59,0.08,282.543
21-01-2022,1833.24,95.64,28.85,0.08,282.543
22-01-2022,1833.24,95.64,28.85,0.08,282.543
23-01-2022,1833.24,95.64,28.85,0.08,282.543
24-01-2022,1843.06,95.92,29.9,0.08,282.543
25-01-2022,1847.56,95.95,31.16,0.08,282.543
26-01-2022,1818.12,96.39,31.96,0.08,282.543
27-01-2022,1796.51,97.25,30.49,0.08,282.543
28-01-2022,1791.03,97.27,27.66,0.08,282.543
29-01-2022,1791.03,97.27,27.66,0.08,282.543
30-01-2022,1791.03,97.27,27.66,0.08,282.543
31-01-2022,1796.47,96.54,24.83,0.08,282.543
01-02-2022,1800.65,96.39,21.96,0.08,284.5
02-02-2022,1806.5,95.94,22.09,0.08,284.5
03-02-2022,1804.4,95.38,24.35,0.08,284.5
04-02-2022,1807.49,95.49,23.22,0.08,284.5
05-02-2022,1807.49,95.49,23.22,0.08,284.5
06-02-2022,1807.49,95.49,23.22,0.08,284.5
07-02-2022,1820.31,95.4,22.86,0.08,284.5
08-02-2022,1825.48,95.64,21.44,0.08,284.5
09-02-2022,1832.43,95.49,19.96,0.08,284.5
10-02-2022,1826.57,95.55,23.91,0.08,284.5
11-02-2022,1859.96,96.08,27.36,0.08,284.5
12-02-2022,1859.96,96.08,27.36,0.08,284.5
13-02-2022,1859.96,96.08,27.36,0.08,284.5
14-02-2022,1870.29,96.37,28.33,0.08,284.5
15-02-2022,1853.06,95.99,25.7,0.08,284.5
16-02-2022,1868.37,95.7,24.29,0.08,284.5
17-02-2022,1897.27,95.8,28.11,0.08,284.5
18-02-2022,1897.87,96.04,27.75,0.08,284.5
19-02-2022,1897.87,96.04,27.75,0.08,284.5
20-02-2022,1897.87,96.04,27.75,0.08,284.5
21-02-2022,1905.63,96.08,27.75,0.08,284.5
22-02-2022,1898.13,96.03,28.81,0.08,284.5
23-02-2022,1907.55,96.19,31.02,0.08,284.5
24-02-2022,1903.14,97.14,30.32,0.08,284.5
25-02-2022,1887.56,96.61,27.59,0.08,284.5
26-02-2022,1887.56,96.61,27.59,0.08,284.5
27-02-2022,1887.56,96.61,27.59,0.08,284.5
28-02-2022,1907.9,96.71,30.15,0.08,284.5
01-03-2022,1943.22,97.41,33.32,0.08,287.674
02-03-2022,1926.11,97.39,30.74,0.08,287.674
03-03-2022,1935.21,97.79,30.48,0.08,287.674
04-03-2022,1968.45,98.65,31.98,0.08,287.674
05-03-2022,1968.45,98.65,31.98,0.08,287.674
06-03-2022,1968.45,98.65,31.98,0.08,287.674
07-03-2022,1998.11,99.29,36.45,0.08,287.674
08-03-2022,2052.41,99.06,35.13,0.08,287.674
09-03-2022,1991.49,97.97,32.45,0.08,287.674
10-03-2022,1995.86,98.51,30.23,0.08,287.674
11-03-2022,1985.29,99.12,30.75,0.08,287.674
12-03-2022,1985.29,99.12,30.75,0.08,287.674
13-03-2022,1985.29,99.12,30.75,0.08,287.674
14-03-2022,1951.11,99,31.77,0.08,287.674
15-03-2022,1917.84,99.1,29.83,0.08,287.674
16-03-2022,1927.93,98.62,26.67,0.08,287.674
17-03-2022,1942.64,97.97,25.67,0.33,287.674
18-03-2022,1921.09,98.23,23.87,0.33,287.674
19-03-2022,1921.09,98.23,23.87,0.33,287.674
20-03-2022,1921.09,98.23,23.87,0.33,287.674
21-03-2022,1935.95,98.5,23.53,0.33,287.674
22-03-2022,1921.44,98.49,22.94,0.33,287.674
23-03-2022,1943.38,98.62,23.57,0.33,287.674
24-03-2022,1957.48,98.79,21.67,0.33,287.674
25-03-2022,1957.4,98.79,20.81,0.33,287.674
26-03-2022,1957.4,98.79,20.81,0.33,287.674
27-03-2022,1957.4,98.79,20.81,0.33,287.674
28-03-2022,1923.2,99.09,19.63,0.33,287.674
29-03-2022,1919.19,98.4,18.9,0.33,287.674
30-03-2022,1933.06,97.79,19.33,0.33,287.674
31-03-2022,1937.23,98.31,20.56,0.33,287.674
01-04-2022,1924.3,98.63,19.63,0.33,288.561
02-04-2022,1924.3,98.63,19.63,0.33,288.561
03-04-2022,1924.3,98.63,19.63,0.33,288.561
04-04-2022,1932.44,99,18.57,0.33,288.561
05-04-2022,1923.76,99.47,21.03,0.33,288.561
06-04-2022,1925.48,99.6,22.1,0.33,288.561
07-04-2022,1932.17,99.75,21.55,0.33,288.561
08-04-2022,1945.85,99.8,21.16,0.33,288.561
09-04-2022,1945.85,99.8,21.16,0.33,288.561
10-04-2022,1945.85,99.8,21.16,0.33,288.561
11-04-2022,1953.43,99.93,24.37,0.33,288.561
12-04-2022,1966.59,100.29,24.26,0.33,288.561
13-04-2022,1977.72,99.88,21.82,0.33,288.561
14-04-2022,1973.52,100.32,22.7,0.33,288.561
15-04-2022,1974.54,100.32,22.7,0.33,288.561
16-04-2022,1974.54,100.32,22.7,0.33,288.561
17-04-2022,1974.54,100.32,22.7,0.33,288.561
18-04-2022,1978.5,100.78,22.17,0.33,288.561
19-04-2022,1949.84,100.96,21.37,0.33,288.561
20-04-2022,1957.41,100.39,20.32,0.33,288.561
21-04-2022,1951.49,100.58,22.68,0.33,288.561
22-04-2022,1929.73,101.22,28.21,0.33,288.561
23-04-2022,1929.73,101.22,28.21,0.33,288.561
24-04-2022,1929.73,101.22,28.21,0.33,288.561
25-04-2022,1897.69,101.75,27.02,0.33,288.561
26-04-2022,1905.56,102.3,33.52,0.33,288.561
27-04-2022,1886.12,102.95,31.6,0.33,288.561
28-04-2022,1894.34,103.62,29.99,0.33,288.561
29-04-2022,1896.4,102.96,33.4,0.33,288.561
30-04-2022,1896.4,102.96,33.4,0.33,288.561
01-05-2022,1896.4,102.96,33.4,0.33,291.298
02-05-2022,1862.77,103.74,32.34,0.33,291.298
03-05-2022,1867.79,103.46,29.25,0.33,291.298
04-05-2022,1880.92,102.59,25.42,0.33,291.298
05-05-2022,1876.84,103.75,31.2,0.83,291.298
06-05-2022,1882.96,103.66,30.19,0.83,291.298
07-05-2022,1882.96,103.66,30.19,0.83,291.298
08-05-2022,1882.96,103.66,30.19,0.83,291.298
09-05-2022,1853.92,103.65,34.75,0.83,291.298
10-05-2022,1838.14,103.92,32.99,0.83,291.298
11-05-2022,1852.12,103.85,32.56,0.83,291.298
12-05-2022,1821.72,104.85,31.77,0.83,291.298
13-05-2022,1811.15,104.56,28.87,0.83,291.298
14-05-2022,1811.15,104.56,28.87,0.83,291.298
15-05-2022,1811.15,104.56,28.87,0.83,291.298
16-05-2022,1823.79,104.19,27.47,0.83,291.298
17-05-2022,1814.67,103.36,26.1,0.83,291.298
18-05-2022,1815.61,103.81,30.96,0.83,291.298
19-05-2022,1841.72,102.72,29.35,0.83,291.298
20-05-2022,1845.68,103.15,29.43,0.83,291.298
21-05-2022,1845.68,103.15,29.43,0.83,291.298
22-05-2022,1845.68,103.15,29.43,0.83,291.298
23-05-2022,1853.22,102.08,28.48,0.83,291.298
24-05-2022,1865.9,101.86,29.45,0.83,291.298
25-05-2022,1852.83,102.06,28.37,0.83,291.298
26-05-2022,1850.02,101.83,27.5,0.83,291.298
27-05-2022,1852.73,101.67,25.72,0.83,291.298
28-05-2022,1852.73,101.67,25.72,0.83,291.298
29-05-2022,1852.73,101.67,25.72,0.83,291.298
30-05-2022,1856.21,101.67,26.54,0.83,291.298
31-05-2022,1837.09,101.75,26.19,0.83,291.298
01-06-2022,1845.55,102.5,25.69,0.83,294.957
02-06-2022,1868.13,101.82,24.72,0.83,294.957
03-06-2022,1850.77,102.14,24.79,0.83,294.957
04-06-2022,1850.77,102.14,24.79,0.83,294.957
05-06-2022,1850.77,102.14,24.79,0.83,294.957
06-06-2022,1841,102.44,25.07,0.83,294.957
07-06-2022,1851.97,102.32,24.02,0.83,294.957
08-06-2022,1853.26,102.54,23.96,0.83,294.957
09-06-2022,1847.61,103.22,26.09,0.83,294.957
10-06-2022,1870.96,104.15,27.75,0.83,294.957
11-06-2022,1870.96,104.15,27.75,0.83,294.957
12-06-2022,1870.96,104.15,27.75,0.83,294.957
13-06-2022,1818.77,105.08,34.02,0.83,294.957
14-06-2022,1808.1,105.52,32.69,0.83,294.957
15-06-2022,1833.38,105.16,29.62,0.83,294.957
16-06-2022,1856.71,103.63,32.95,1.58,294.957
17-06-2022,1839.35,104.7,31.13,1.58,294.957
18-06-2022,1839.35,104.7,31.13,1.58,294.957
19-06-2022,1839.35,104.7,31.13,1.58,294.957
20-06-2022,1838.29,104.7,31.03,1.58,294.957
21-06-2022,1832.56,104.43,30.19,1.58,294.957
22-06-2022,1837.39,104.2,28.95,1.58,294.957
23-06-2022,1822.43,104.43,29.05,1.58,294.957
24-06-2022,1826.18,104.18,27.23,1.58,294.957
25-06-2022,1826.18,104.18,27.23,1.58,294.957
26-06-2022,1826.18,104.18,27.23,1.58,294.957
27-06-2022,1822.73,103.94,26.95,1.58,294.957
28-06-2022,1819.69,104.51,28.36,1.58,294.957
29-06-2022,1817.11,105.11,28.16,1.58,294.957
30-06-2022,1806.89,104.68,28.71,1.58,294.957
01-07-2022,1810.18,105.14,26.7,1.58,294.913
02-07-2022,1810.18,105.14,26.7,1.58,294.913
03-07-2022,1810.18,105.14,26.7,1.58,294.913
04-07-2022,1809.12,105.14,27.53,1.58,294.913
05-07-2022,1764.35,106.54,27.54,1.58,294.913
06-07-2022,1738.3,107.1,26.73,1.58,294.913
07-07-2022,1739.61,107.13,26.08,1.58,294.913
08-07-2022,1741.82,107.01,24.64,1.58,294.913
09-07-2022,1741.82,107.01,24.64,1.58,294.913
10-07-2022,1741.82,107.01,24.64,1.58,294.913
11-07-2022,1733.67,108.02,26.17,1.58,294.913
12-07-2022,1725.81,108.07,27.29,1.58,294.913
13-07-2022,1735.23,107.96,26.82,1.58,294.913
14-07-2022,1709.45,108.54,26.4,1.58,294.913
15-07-2022,1706.78,108.06,24.23,1.58,294.913
16-07-2022,1706.78,108.06,24.23,1.58,294.913
17-07-2022,1706.78,108.06,24.23,1.58,294.913
18-07-2022,1709.01,107.37,25.3,1.58,294.913
19-07-2022,1711.07,106.68,24.5,1.58,294.913
20-07-2022,1696.43,107.08,23.88,1.58,294.913
21-07-2022,1718.49,106.91,23.11,1.58,294.913
22-07-2022,1726.46,106.73,23.03,1.58,294.913
23-07-2022,1726.46,106.73,23.03,1.58,294.913
24-07-2022,1726.46,106.73,23.03,1.58,294.913
25-07-2022,1718.78,106.48,23.36,1.58,294.913
26-07-2022,1717,107.19,24.69,1.58,294.913
27-07-2022,1733.89,106.45,23.24,1.58,294.913
28-07-2022,1755.11,106.35,22.33,2.33,294.913
29-07-2022,1765.22,105.9,21.33,2.32,294.913
30-07-2022,1765.22,105.9,21.33,2.32,294.913
31-07-2022,1765.22,105.9,21.33,2.32,294.913
01-08-2022,1771.73,105.45,22.84,2.33,295.097
02-08-2022,1759.75,106.24,23.93,2.33,295.097
03-08-2022,1764.9,106.51,21.95,2.33,295.097
04-08-2022,1790.97,105.69,21.44,2.33,295.097
05-08-2022,1774.15,106.62,21.15,2.33,295.097
06-08-2022,1774.15,106.62,21.15,2.33,295.097
07-08-2022,1774.15,106.62,21.15,2.33,295.097
08-08-2022,1788.52,106.43,21.29,2.33,295.097
09-08-2022,1794.08,106.37,21.77,2.33,295.097
10-08-2022,1792.13,105.2,19.74,2.33,295.097
11-08-2022,1789.45,105.09,20.2,2.33,295.097
12-08-2022,1801.76,105.63,19.53,2.33,295.097
13-08-2022,1801.76,105.63,19.53,2.33,295.097
14-08-2022,1801.76,105.63,19.53,2.33,295.097
15-08-2022,1778.91,106.55,19.95,2.33,295.097
16-08-2022,1775.54,106.5,19.69,2.33,295.097
17-08-2022,1761.05,106.57,19.9,2.33,295.097
18-08-2022,1758.2,107.48,19.56,2.33,295.097
19-08-2022,1747.83,108.17,20.6,2.33,295.097
20-08-2022,1747.83,108.17,20.6,2.33,295.097
21-08-2022,1747.83,108.17,20.6,2.33,295.097
22-08-2022,1735.7,109.05,23.8,2.33,295.097
23-08-2022,1747.67,108.62,24.11,2.33,295.097
24-08-2022,1750.89,108.68,22.82,2.33,295.097
25-08-2022,1758.44,108.47,21.78,2.33,295.097
26-08-2022,1736.86,108.8,25.56,2.33,295.097
27-08-2022,1736.86,108.8,25.56,2.33,295.097
28-08-2022,1736.86,108.8,25.56,2.33,295.097
29-08-2022,1737.82,108.83,26.21,2.33,295.097
30-08-2022,1723.55,108.77,26.21,2.33,295.097
31-08-2022,1710.7,108.7,25.87,2.33,295.097
01-09-2022,1696.09,109.69,25.56,2.33,296.349
02-09-2022,1711.44,109.53,25.47,2.33,296.349
03-09-2022,1711.44,109.53,25.47,2.33,296.349
04-09-2022,1711.44,109.53,25.47,2.33,296.349
05-09-2022,1710.21,109.83,25.99,2.33,296.349
06-09-2022,1701.15,110.21,26.91,2.33,296.349
07-09-2022,1717.69,109.84,24.64,2.33,296.349
08-09-2022,1707.28,109.71,23.61,2.33,296.349
09-09-2022,1716.05,109,22.79,2.33,296.349
10-09-2022,1716.05,109,22.79,2.33,296.349
11-09-2022,1716.05,109,22.79,2.33,296.349
12-09-2022,1724.07,108.33,23.87,2.33,296.349
13-09-2022,1701.55,109.82,27.27,2.33,296.349
14-09-2022,1695.8,109.66,26.16,2.33,296.349
15-09-2022,1663.74,109.74,26.27,2.33,296.349
16-09-2022,1674.94,109.76,26.3,2.33,296.349
17-09-2022,1674.94,109.76,26.3,2.33,296.349
18-09-2022,1674.94,109.76,26.3,2.33,296.349
19-09-2022,1675.78,109.74,25.76,2.33,296.349
20-09-2022,1663.11,110.21,27.16,2.33,296.349
21-09-2022,1673.74,110.64,27.99,2.33,296.349
22-09-2022,1670.53,111.35,27.35,3.08,296.349
23-09-2022,1643.09,113.19,29.92,3.08,296.349
24-09-2022,1643.09,113.19,29.92,3.08,296.349
25-09-2022,1643.09,113.19,29.92,3.08,296.349
26-09-2022,1621.57,114.1,32.26,3.08,296.349
27-09-2022,1628.8,114.11,32.6,3.08,296.349
28-09-2022,1659.44,112.6,30.18,3.08,296.349
29-09-2022,1660.29,112.25,31.84,3.08,296.349
30-09-2022,1659.67,112.12,31.62,3.08,296.349
01-10-2022,1659.67,112.12,31.62,3.08,298.007
02-10-2022,1659.67,112.12,31.62,3.08,298.007
03-10-2022,1699.22,111.75,30.1,3.08,298.007
04-10-2022,1726.24,110.07,29.07,3.08,298.007
05-10-2022,1715.81,111.07,28.55,3.08,298.007
06-10-2022,1710.85,112.26,30.52,3.08,298.007
07-10-2022,1694.52,112.79,31.36,3.08,298.007
08-10-2022,1694.52,112.79,31.36,3.08,298.007
09-10-2022,1694.52,112.79,31.36,3.08,298.007
10-10-2022,1667.96,113.14,32.45,3.08,298.007
11-10-2022,1665.31,113.22,33.63,3.08,298.007
12-10-2022,1672.51,113.32,33.57,3.08,298.007
13-10-2022,1665.8,112.36,31.94,3.08,298.007
14-10-2022,1641.76,113.31,32.02,3.08,298.007
15-10-2022,1641.76,113.31,32.02,3.08,298.007
16-10-2022,1641.76,113.31,32.02,3.08,298.007
17-10-2022,1649.94,112.04,31.37,3.08,298.007
18-10-2022,1651.83,112.13,30.5,3.08,298.007
19-10-2022,1628.49,112.98,30.76,3.08,298.007
20-10-2022,1627.66,112.88,29.98,3.08,298.007
21-10-2022,1656.66,112.01,29.69,3.08,298.007
22-10-2022,1656.66,112.01,29.69,3.08,298.007
23-10-2022,1656.66,112.01,29.69,3.08,298.007
24-10-2022,1648.6,111.99,29.85,3.08,298.007
25-10-2022,1652.52,110.95,28.46,3.08,298.007
26-10-2022,1664.49,109.7,27.28,3.08,298.007
27-10-2022,1662.94,110.59,27.39,3.08,298.007
28-10-2022,1641.76,110.75,25.75,3.08,298.007
29-10-2022,1641.76,110.75,25.75,3.08,298.007
30-10-2022,1641.76,110.75,25.75,3.08,298.007
31-10-2022,1633.12,111.53,25.88,3.08,298.007
01-11-2022,1647.5,111.48,25.81,3.08,298.786
02-11-2022,1634.89,111.35,25.86,3.08,298.786
03-11-2022,1629.15,112.93,25.3,3.83,298.786
04-11-2022,1680.27,110.88,24.55,3.83,298.786
05-11-2022,1680.27,110.88,24.55,3.83,298.786
06-11-2022,1680.27,110.88,24.55,3.83,298.786
07-11-2022,1674.68,110.12,24.35,3.83,298.786
08-11-2022,1712.52,109.64,25.54,3.83,298.786
09-11-2022,1706.32,110.55,26.09,3.83,298.786
10-11-2022,1754.75,108.21,23.53,3.83,298.786
11-11-2022,1770.69,106.29,22.52,3.83,298.786
12-11-2022,1770.69,106.29,22.52,3.83,298.786
13-11-2022,1770.69,106.29,22.52,3.83,298.786
14-11-2022,1771.8,106.66,23.73,3.83,298.786
15-11-2022,1778.25,106.4,24.54,3.83,298.786
16-11-2022,1773.77,106.28,24.11,3.83,298.786
17-11-2022,1760.87,106.69,23.93,3.83,298.786
18-11-2022,1749.74,106.93,23.12,3.83,298.786
19-11-2022,1749.74,106.93,23.12,3.83,298.786
20-11-2022,1749.74,106.93,23.12,3.83,298.786
21-11-2022,1737.81,107.83,22.36,3.83,298.786
22-11-2022,1740.24,107.22,21.29,3.83,298.786
23-11-2022,1749.28,106.08,20.35,3.83,298.786
24-11-2022,1754.96,105.82,20.42,3.83,298.786
25-11-2022,1756.14,105.96,20.5,3.83,298.786
26-11-2022,1756.14,105.96,20.5,3.83,298.786
27-11-2022,1756.14,105.96,20.5,3.83,298.786
28-11-2022,1740.75,106.68,22.21,3.83,298.786
29-11-2022,1749.73,106.82,21.89,3.83,298.786
30-11-2022,1768.45,105.95,20.58,3.83,298.786
01-12-2022,1802.89,104.73,19.84,3.83,298.832
02-12-2022,1797.82,104.54,19.06,3.83,298.832
03-12-2022,1797.82,104.54,19.06,3.83,298.832
04-12-2022,1797.82,104.54,19.06,3.83,298.832
05-12-2022,1768.39,105.29,20.75,3.83,298.832
06-12-2022,1770.91,105.58,22.17,3.83,298.832
07-12-2022,1786.22,105.1,22.68,3.83,298.832
08-12-2022,1789.23,104.77,22.29,3.83,298.832
09-12-2022,1796.63,104.81,22.83,3.83,298.832
10-12-2022,1796.63,104.81,22.83,3.83,298.832
11-12-2022,1796.63,104.81,22.83,3.83,298.832
12-12-2022,1781.15,105.13,25,3.83,298.832
13-12-2022,1810.29,103.98,22.55,3.83,298.832
14-12-2022,1807.27,103.77,21.14,3.83,298.832
15-12-2022,1776.66,104.56,22.83,4.33,298.832
16-12-2022,1792.34,104.7,22.62,4.33,298.832
17-12-2022,1792.34,104.7,22.62,4.33,298.832
18-12-2022,1792.34,104.7,22.62,4.33,298.832
19-12-2022,1787.44,104.72,22.42,4.33,298.832
20-12-2022,1817.41,103.96,21.48,4.33,298.832
21-12-2022,1814.13,104.16,20.07,4.33,298.832
22-12-2022,1792.57,104.43,21.97,4.33,298.832
23-12-2022,1797.91,104.31,20.87,4.33,298.832
24-12-2022,1797.91,104.31,20.87,4.33,298.832
25-12-2022,1797.91,104.31,20.87,4.33,298.832
26-12-2022,1797.61,104.31,20.87,4.33,298.832
27-12-2022,1813.93,104.18,21.65,4.33,298.832
28-12-2022,1804.09,104.46,22.14,4.33,298.832
29-12-2022,1814.89,103.84,21.44,4.33,298.832
30-12-2022,1824.4,103.52,21.67,4.33,298.832
31-12-2022,1824.4,103.52,21.67,4.33,298.832
01-01-2023,1824.4,103.52,21.67,4.33,300.42
02-01-2023,1823.69,103.52,21.67,4.33,300.42
03-01-2023,1839.49,104.52,22.9,4.33,300.42
04-01-2023,1854.09,104.25,22.01,4.33,300.42
05-01-2023,1833.19,105.04,22.46,4.33,300.42
06-01-2023,1865.71,103.88,21.13,4.33,300.42
07-01-2023,1865.71,103.88,21.13,4.33,300.42
08-01-2023,1865.71,103.88,21.13,4.33,300.42
09-01-2023,1871.59,103,21.97,4.33,300.42
10-01-2023,1877.27,103.24,20.58,4.33,300.42
11-01-2023,1876.38,103.19,21.09,4.33,300.42
12-01-2023,1896.86,102.25,18.83,4.33,300.42
13-01-2023,1920.21,102.2,18.35,4.33,300.42
14-01-2023,1920.21,102.2,18.35,4.33,300.42
15-01-2023,1920.21,102.2,18.35,4.33,300.42
16-01-2023,1918,102.27,19.49,4.33,300.42
17-01-2023,1908.39,102.39,19.36,4.33,300.42
18-01-2023,1903.76,102.36,20.34,4.33,300.42
19-01-2023,1931.39,102.06,20.52,4.33,300.42
20-01-2023,1926.57,102.01,19.85,4.33,300.42
21-01-2023,1926.57,102.01,19.85,4.33,300.42
22-01-2023,1926.57,102.01,19.85,4.33,300.42
23-01-2023,1931.3,102.14,19.81,4.33,300.42
24-01-2023,1937.45,101.92,19.2,4.33,300.42
25-01-2023,1945.93,101.64,19.08,4.33,300.42
26-01-2023,1928.99,101.84,18.73,4.33,300.42
27-01-2023,1927.34,101.93,18.51,4.33,300.42
28-01-2023,1927.34,101.93,18.51,4.33,300.42
29-01-2023,1927.34,101.93,18.51,4.33,300.42
30-01-2023,1922.52,102.28,19.94,4.33,300.42
31-01-2023,1927.88,102.1,19.4,4.33,300.42
01-02-2023,1950.42,101.22,17.87,4.33,301.45
02-02-2023,1912.37,101.75,18.73,4.58,301.45
03-02-2023,1865.53,102.92,18.33,4.58,301.45
04-02-2023,1865.53,102.92,18.33,4.58,301.45
05-02-2023,1865.53,102.92,18.33,4.58,301.45
06-02-2023,1867.36,103.62,19.43,4.58,301.45
07-02-2023,1873.81,103.43,18.66,4.58,301.45
08-02-2023,1875.59,103.41,19.63,4.58,301.45
09-02-2023,1861.39,103.22,20.71,4.57,301.45
10-02-2023,1864.67,103.63,20.53,4.58,301.45
11-02-2023,1864.67,103.63,20.53,4.58,301.45
12-02-2023,1864.67,103.63,20.53,4.58,301.45
13-02-2023,1853.39,103.35,20.34,4.58,301.45
14-02-2023,1854.29,103.23,18.91,4.58,301.45
15-02-2023,1836.19,103.92,18.23,4.58,301.45
16-02-2023,1837.44,103.86,20.17,4.58,301.45
17-02-2023,1841.59,103.86,20.02,4.58,301.45
18-02-2023,1841.59,103.86,20.02,4.58,301.45
19-02-2023,1841.59,103.86,20.02,4.58,301.45
20-02-2023,1841.14,103.86,21.23,4.58,301.45
21-02-2023,1834.32,104.18,22.87,4.58,301.45
22-02-2023,1825.04,104.58,22.29,4.58,301.45
23-02-2023,1822.64,104.6,21.14,4.58,301.45
24-02-2023,1810.81,105.21,21.67,4.58,301.45
25-02-2023,1810.81,105.21,21.67,4.58,301.45
26-02-2023,1810.81,105.21,21.67,4.58,301.45
27-02-2023,1817.31,104.67,20.95,4.57,301.45
28-02-2023,1827.15,104.87,20.7,4.57,301.45
01-03-2023,1836.81,104.48,20.58,4.58,301.821
02-03-2023,1836,105.03,19.59,4.57,301.821
03-03-2023,1854.97,104.52,18.49,4.57,301.821
04-03-2023,1854.97,104.52,18.49,4.57,301.821
05-03-2023,1854.97,104.52,18.49,4.57,301.821
06-03-2023,1846.85,104.35,18.61,4.57,301.821
07-03-2023,1813.52,105.61,19.59,4.57,301.821
08-03-2023,1813.59,105.66,19.11,4.57,301.821
09-03-2023,1830.89,105.31,22.61,4.57,301.821
10-03-2023,1867.83,104.58,24.8,4.57,301.821
11-03-2023,1867.83,104.58,24.8,4.57,301.821
12-03-2023,1867.83,104.58,24.8,4.57,301.821
13-03-2023,1913.23,103.6,26.52,4.58,301.821
14-03-2023,1902.12,103.6,23.73,4.58,301.821
15-03-2023,1918.1,104.65,26.14,4.58,301.821
16-03-2023,1919.12,104.42,22.99,4.58,301.821
17-03-2023,1987.93,103.71,25.51,4.58,301.821
18-03-2023,1987.93,103.71,25.51,4.58,301.821
19-03-2023,1987.93,103.71,25.51,4.58,301.821
20-03-2023,1978.71,103.28,24.15,4.58,301.821
21-03-2023,1940.15,103.26,21.38,4.58,301.821
22-03-2023,1969.58,102.35,22.26,4.58,301.821
23-03-2023,1993.5,102.53,22.61,4.83,301.821
24-03-2023,1977.22,103.12,21.74,4.83,301.821
25-03-2023,1977.22,103.12,21.74,4.83,301.821
26-03-2023,1977.22,103.12,21.74,4.83,301.821
27-03-2023,1956.56,102.86,20.6,4.83,301.821
28-03-2023,1973.69,102.43,19.97,4.83,301.821
29-03-2023,1964.04,102.64,19.12,4.83,301.821
30-03-2023,1980.25,102.14,19.02,4.83,301.821
31-03-2023,1967.9,102.51,18.7,4.83,301.821
01-04-2023,1967.9,102.51,18.7,4.83,302.845
02-04-2023,1967.9,102.51,18.7,4.83,302.845
03-04-2023,1984.11,102.09,18.55,4.83,302.845
04-04-2023,2019.97,101.59,19,4.83,302.845
05-04-2023,2020.35,101.85,19.08,4.83,302.845
06-04-2023,2008.02,101.82,18.4,4.83,302.845
07-04-2023,2008.02,102.09,18.4,4.83,302.845
08-04-2023,2008.02,102.09,18.4,4.83,302.845
09-04-2023,2008.02,102.09,18.4,4.83,302.845
10-04-2023,1989.95,102.58,18.97,4.83,302.845
11-04-2023,2003.14,102.2,19.1,4.83,302.845
12-04-2023,2014.67,101.5,19.09,4.83,302.845
13-04-2023,2039.73,101.01,17.8,4.83,302.845
14-04-2023,2003.04,101.55,17.07,4.83,302.845
15-04-2023,2003.04,101.55,17.07,4.83,302.845
16-04-2023,2003.04,101.55,17.07,4.83,302.845
17-04-2023,1994.77,102.1,16.95,4.83,302.845
18-04-2023,2004.93,101.75,16.83,4.83,302.845
19-04-2023,1993.26,101.97,16.46,4.83,302.845
20-04-2023,2004.34,101.84,17.17,4.83,302.845
21-04-2023,1982.89,101.82,16.77,4.83,302.845
22-04-2023,1982.89,101.82,16.77,4.83,302.845
23-04-2023,1982.89,101.82,16.77,4.83,302.845
24-04-2023,1988.88,101.35,16.89,4.83,302.845
25-04-2023,1997.87,101.86,18.76,4.83,302.845
26-04-2023,1989.48,101.47,18.84,4.83,302.845
27-04-2023,1987.87,101.5,17.03,4.83,302.845
28-04-2023,1989.65,101.66,15.78,4.83,302.845
29-04-2023,1989.65,101.66,15.78,4.83,302.845
30-04-2023,1989.65,101.66,15.78,4.83,302.845
01-05-2023,1982.05,102.15,16.08,4.83,303.334
02-05-2023,2016.28,101.96,17.78,4.83,303.334
03-05-2023,2039.02,101.34,18.34,4.83,303.334
04-05-2023,2051.11,101.4,20.09,5.08,303.334
05-05-2023,2016.54,101.21,17.19,5.08,303.334
06-05-2023,2016.54,101.21,17.19,5.08,303.334
07-05-2023,2016.54,101.21,17.19,5.08,303.334
08-05-2023,2021.39,101.38,16.98,5.08,303.334
09-05-2023,2034.17,101.61,17.71,5.08,303.334
10-05-2023,2029.51,101.48,16.94,5.08,303.334
11-05-2023,2015.55,102.06,16.93,5.08,303.334
12-05-2023,2011.15,102.68,17.03,5.08,303.334
13-05-2023,2011.15,102.68,17.03,5.08,303.334
14-05-2023,2011.15,102.68,17.03,5.08,303.334
15-05-2023,2020.6,102.43,17.12,5.08,303.334
16-05-2023,1988.6,102.56,17.99,5.08,303.334
17-05-2023,1981.72,102.88,16.87,5.08,303.334
18-05-2023,1958.05,103.58,16.05,5.08,303.334
19-05-2023,1976.56,103.2,16.81,5.08,303.334
20-05-2023,1976.56,103.2,16.81,5.08,303.334
21-05-2023,1976.56,103.2,16.81,5.08,303.334
22-05-2023,1969.43,103.2,17.21,5.08,303.334
23-05-2023,1974.73,103.49,18.53,5.08,303.334
24-05-2023,1957.01,103.89,20.03,5.08,303.334
25-05-2023,1940.34,104.25,19.14,5.08,303.334
26-05-2023,1946.33,104.21,17.95,5.08,303.334
27-05-2023,1946.33,104.21,17.95,5.08,303.334
28-05-2023,1946.33,104.21,17.95,5.08,303.334
29-05-2023,1942.84,104.26,17.46,5.08,303.334
30-05-2023,1959.14,104.17,17.46,5.08,303.334
31-05-2023,1962.3,104.33,17.94,5.08,303.334
01-06-2023,1977.88,103.56,15.65,5.08,304.014
02-06-2023,1947.63,104.01,14.6,5.08,304.014
03-06-2023,1947.63,104.01,14.6,5.08,304.014
04-06-2023,1947.63,104.01,14.6,5.08,304.014
05-06-2023,1961.76,104,14.73,5.08,304.014
06-06-2023,1962.85,104.13,13.96,5.08,304.014
07-06-2023,1939.63,104.1,13.94,5.08,304.014
08-06-2023,1967.76,103.34,13.65,5.08,304.014
09-06-2023,1960.6,103.56,13.83,5.08,304.014
10-06-2023,1960.6,103.56,13.83,5.08,304.014
11-06-2023,1960.6,103.56,13.83,5.08,304.014
12-06-2023,1956.92,103.65,15.01,5.08,304.014
13-06-2023,1943.33,103.34,14.61,5.08,304.014
14-06-2023,1942.99,102.95,13.88,5.08,304.014
15-06-2023,1957.65,102.11,14.5,5.07,304.014
16-06-2023,1957.36,102.24,13.54,5.08,304.014
17-06-2023,1957.36,102.24,13.54,5.08,304.014
18-06-2023,1957.36,102.24,13.54,5.08,304.014
19-06-2023,1950.12,102.52,14.19,5.08,304.014
20-06-2023,1935.91,102.54,13.88,5.07,304.014
21-06-2023,1932.26,102.07,13.2,5.07,304.014
22-06-2023,1913.52,102.39,12.91,5.07,304.014
23-06-2023,1921.36,102.9,13.44,5.07,304.014
24-06-2023,1921.36,102.9,13.44,5.07,304.014
25-06-2023,1921.36,102.9,13.44,5.07,304.014
26-06-2023,1922.85,102.69,14.25,5.07,304.014
27-06-2023,1913.35,102.49,13.74,5.07,304.014
28-06-2023,1907.42,102.9,13.43,5.07,304.014
29-06-2023,1908.15,103.34,13.54,5.07,304.014
30-06-2023,1919.57,102.91,13.59,5.08,304.014
01-07-2023,1919.57,102.91,13.59,5.08,304.609
02-07-2023,1919.57,102.91,13.59,5.08,304.609
03-07-2023,1921.43,102.96,13.57,5.08,304.609
04-07-2023,1925.09,103.04,13.7,5.08,304.609
05-07-2023,1917.32,103.37,14.18,5.08,304.609
06-07-2023,1910.8,103.07,15.44,5.08,304.609
07-07-2023,1924.28,102.27,14.83,5.08,304.609
08-07-2023,1924.28,102.27,14.83,5.08,304.609
09-07-2023,1924.28,102.27,14.83,5.08,304.609
10-07-2023,1924.99,101.97,15.07,5.07,304.609
11-07-2023,1931.99,101.73,14.84,5.08,304.609
12-07-2023,1957.09,100.52,13.54,5.08,304.609
13-07-2023,1960.19,99.77,13.61,5.08,304.609
14-07-2023,1954.93,99.91,13.34,5.08,304.609
15-07-2023,1954.93,99.91,13.34,5.08,304.609
16-07-2023,1954.93,99.91,13.34,5.08,304.609
17-07-2023,1954.74,99.84,13.48,5.08,304.609
18-07-2023,1978.71,99.94,13.3,5.08,304.609
19-07-2023,1977.25,100.28,13.76,5.08,304.609
20-07-2023,1969.62,100.88,13.99,5.08,304.609
21-07-2023,1960.23,101.07,13.6,5.08,304.609
22-07-2023,1960.23,101.07,13.6,5.08,304.609
23-07-2023,1960.23,101.07,13.6,5.08,304.609
24-07-2023,1954.51,101.35,13.91,5.08,304.609
25-07-2023,1964.58,101.35,13.86,5.08,304.609
26-07-2023,1972.1,100.89,13.19,5.08,304.609
27-07-2023,1944.99,101.77,14.41,5.33,304.609
28-07-2023,1959.2,101.62,13.33,5.33,304.609
29-07-2023,1959.2,101.62,13.33,5.33,304.609
30-07-2023,1959.2,101.62,13.33,5.33,304.609
31-07-2023,1964.19,101.86,13.63,5.33,304.609
01-08-2023,1944.08,102.3,13.93,5.33,306.082
02-08-2023,1933.56,102.59,16.09,5.33,306.082
03-08-2023,1933.74,102.54,15.92,5.33,306.082
04-08-2023,1941.62,102.02,17.1,5.33,306.082
05-08-2023,1941.62,102.02,17.1,5.33,306.082
06-08-2023,1941.62,102.02,17.1,5.33,306.082
07-08-2023,1936.39,102.05,15.77,5.33,306.082
08-08-2023,1924.82,102.53,15.99,5.33,306.082
09-08-2023,1914.59,102.49,15.96,5.33,306.082
10-08-2023,1912.06,102.52,15.85,5.33,306.082
11-08-2023,1913.32,102.84,14.84,5.33,306.082
12-08-2023,1913.32,102.84,14.84,5.33,306.082
13-08-2023,1913.32,102.84,14.84,5.33,306.082
14-08-2023,1907.9,103.19,14.82,5.33,306.082
15-08-2023,1901.56,103.21,16.46,5.33,306.082
16-08-2023,1891.76,103.43,16.78,5.33,306.082
17-08-2023,1888.89,103.57,17.89,5.33,306.082
18-08-2023,1888.19,103.38,17.3,5.33,306.082
19-08-2023,1888.19,103.38,17.3,5.33,306.082
20-08-2023,1888.19,103.38,17.3,5.33,306.082
21-08-2023,1893.94,103.3,17.13,5.33,306.082
22-08-2023,1897.47,103.56,16.97,5.33,306.082
23-08-2023,1914.31,103.42,15.98,5.33,306.082
24-08-2023,1917.43,103.98,17.2,5.33,306.082
25-08-2023,1914.53,104.08,15.68,5.33,306.082
26-08-2023,1914.53,104.08,15.68,5.33,306.082
27-08-2023,1914.53,104.08,15.68,5.33,306.082
28-08-2023,1919.66,104.06,15.08,5.33,306.082
29-08-2023,1937.12,103.53,14.45,5.33,306.082
30-08-2023,1942.24,103.16,13.88,5.33,306.082
31-08-2023,1939.74,103.62,13.57,5.33,306.082
01-09-2023,1938.8,104.24,13.09,5.33,307.276
02-09-2023,1938.8,104.24,13.09,5.33,307.276
03-09-2023,1938.8,104.24,13.09,5.33,307.276
04-09-2023,1938.19,104.24,13.82,5.33,307.276
05-09-2023,1925.81,104.81,14.01,5.33,307.276
06-09-2023,1916.28,104.86,14.45,5.33,307.276
07-09-2023,1919.19,105.06,14.4,5.33,307.276
08-09-2023,1917.81,105.09,13.84,5.33,307.276
09-09-2023,1917.81,105.09,13.84,5.33,307.276
10-09-2023,1917.81,105.09,13.84,5.33,307.276
11-09-2023,1921.66,104.57,13.8,5.33,307.276
12-09-2023,1913.26,104.71,14.23,5.33,307.276
13-09-2023,1906.3,104.77,13.48,5.33,307.276
14-09-2023,1910.32,105.4,12.82,5.33,307.276
15-09-2023,1923.57,105.32,13.79,5.33,307.276
16-09-2023,1923.57,105.32,13.79,5.33,307.276
17-09-2023,1923.57,105.32,13.79,5.33,307.276
18-09-2023,1933.14,105.2,14,5.33,307.276
19-09-2023,1930.94,105.16,14.11,5.33,307.276
20-09-2023,1929.68,105.12,15.14,5.33,307.276
21-09-2023,1919.57,105.36,17.54,5.33,307.276
22-09-2023,1924.99,105.58,17.2,5.33,307.276
23-09-2023,1924.99,105.58,17.2,5.33,307.276
24-09-2023,1924.99,105.58,17.2,5.33,307.276
25-09-2023,1915.66,106,16.9,5.33,307.276
26-09-2023,1900.49,106.23,18.94,5.33,307.276
27-09-2023,1874.7,106.67,18.22,5.33,307.276
28-09-2023,1864.56,106.22,17.34,5.33,307.276
29-09-2023,1848.31,106.22,17.52,5.33,307.276
30-09-2023,1848.31,106.22,17.52,5.33,307.276
01-10-2023,1848.31,106.22,17.52,5.33,307.696
02-10-2023,1827.4,106.9,17.61,5.33,307.696
03-10-2023,1822.81,107,19.78,5.33,307.696
04-10-2023,1821.08,106.8,18.58,5.33,307.696
05-10-2023,1820.01,106.33,18.49,5.33,307.696
06-10-2023,1832.26,106.04,17.45,5.33,307.696
07-10-2023,1832.26,106.04,17.45,5.33,307.696
08-10-2023,1832.26,106.04,17.45,5.33,307.696
09-10-2023,1860.88,106.08,17.7,5.33,307.696
10-10-2023,1860.09,105.82,17.03,5.33,307.696
11-10-2023,1873.61,105.82,16.09,5.33,307.696
12-10-2023,1868.65,106.6,16.69,5.33,307.696
13-10-2023,1931.7,106.65,19.32,5.33,307.696
14-10-2023,1931.7,106.65,19.32,5.33,307.696
15-10-2023,1931.7,106.65,19.32,5.33,307.696
16-10-2023,1919.44,106.24,17.21,5.33,307.696
17-10-2023,1923.07,106.25,17.88,5.33,307.696
18-10-2023,1947.69,106.57,19.22,5.33,307.696
19-10-2023,1973.7,106.25,21.4,5.33,307.696
20-10-2023,1981.04,106.16,21.71,5.33,307.696
21-10-2023,1981.04,106.16,21.71,5.33,307.696
22-10-2023,1981.04,106.16,21.71,5.33,307.696
23-10-2023,1972.59,105.54,20.37,5.33,307.696
24-10-2023,1970.11,106.27,18.97,5.33,307.696
25-10-2023,1979.62,106.53,20.19,5.33,307.696
26-10-2023,1984.82,106.6,20.68,5.33,307.696
27-10-2023,2005.78,106.56,21.27,5.33,307.696
28-10-2023,2005.78,106.56,21.27,5.33,307.696
29-10-2023,2005.78,106.56,21.27,5.33,307.696
30-10-2023,1995.88,106.12,19.75,5.33,307.696
31-10-2023,1982.7,106.66,18.14,5.33,307.696
01-11-2023,1982.15,106.88,16.87,5.33,308.148
02-11-2023,1985.51,106.12,15.66,5.33,308.148
03-11-2023,1992.27,105.02,14.91,5.33,308.148
04-11-2023,1992.27,105.02,14.91,5.33,308.148
05-11-2023,1992.27,105.02,14.91,5.33,308.148
06-11-2023,1977.68,105.21,14.89,5.33,308.148
07-11-2023,1968.4,105.54,14.81,5.33,308.148
08-11-2023,1949.79,105.59,14.45,5.33,308.148
09-11-2023,1958.19,105.91,15.29,5.33,308.148
10-11-2023,1936.79,105.86,14.17,5.33,308.148
11-11-2023,1936.79,105.86,14.17,5.33,308.148
12-11-2023,1936.79,105.86,14.17,5.33,308.148
13-11-2023,1945.89,105.63,14.76,5.33,308.148
14-11-2023,1962.67,104.05,14.16,5.33,308.148
15-11-2023,1959.09,104.39,14.18,5.33,308.148
16-11-2023,1980.85,104.35,14.32,5.33,308.148
17-11-2023,1980.01,103.92,13.8,5.33,308.148
18-11-2023,1980.01,103.92,13.8,5.33,308.148
19-11-2023,1980.01,103.92,13.8,5.33,308.148
20-11-2023,1977.19,103.44,13.41,5.33,308.148
21-11-2023,1998.37,103.57,13.35,5.33,308.148
22-11-2023,1989.72,103.92,12.85,5.33,308.148
23-11-2023,1991.79,103.77,12.8,5.33,308.148
24-11-2023,2001.97,103.4,12.46,5.33,308.148
25-11-2023,2001.97,103.4,12.46,5.33,308.148
26-11-2023,2001.97,103.4,12.46,5.33,308.148
27-11-2023,2013.64,103.2,12.69,5.33,308.148
28-11-2023,2040.89,102.75,12.69,5.33,308.148
29-11-2023,2044.59,102.76,12.98,5.33,308.148
30-11-2023,2035.75,103.5,12.92,5.33,308.148
01-12-2023,2070.9,103.27,12.63,5.33,308.741
02-12-2023,2070.9,103.27,12.63,5.33,308.741
03-12-2023,2070.9,103.27,12.63,5.33,308.741
04-12-2023,2029.74,103.71,13.08,5.33,308.741
05-12-2023,2019.42,104.05,12.85,5.33,308.741
06-12-2023,2024.9,104.15,12.97,5.33,308.741
07-12-2023,2028.34,103.54,13.06,5.33,308.741
08-12-2023,2003.39,104.01,12.35,5.33,308.741
09-12-2023,2003.39,104.01,12.35,5.33,308.741
10-12-2023,2003.39,104.01,12.35,5.33,308.741
11-12-2023,1981.3,104.1,12.63,5.33,308.741
12-12-2023,1979.44,103.86,12.07,5.33,308.741
13-12-2023,2026.39,102.87,12.19,5.33,308.741
14-12-2023,2035.53,101.96,12.48,5.33,308.741
15-12-2023,2018.19,102.55,12.28,5.33,308.741
16-12-2023,2018.19,102.55,12.28,5.33,308.741
17-12-2023,2018.19,102.55,12.28,5.33,308.741
18-12-2023,2027,102.56,12.56,5.33,308.741
19-12-2023,2040.12,102.17,12.53,5.33,308.741
20-12-2023,2029.19,102.41,13.67,5.33,308.741
21-12-2023,2045.49,101.84,13.65,5.33,308.741
22-12-2023,2052.98,101.7,13.03,5.33,308.741
23-12-2023,2052.98,101.7,13.03,5.33,308.741
24-12-2023,2052.98,101.7,13.03,5.33,308.741
25-12-2023,2054.93,101.7,13.03,5.33,308.741
26-12-2023,2066.6,101.47,12.99,5.33,308.741
27-12-2023,2077.16,100.99,12.43,5.33,308.741
28-12-2023,2064.86,101.23,12.47,5.33,308.741
29-12-2023,2062.59,101.33,12.45,5.33,308.741
30-12-2023,2062.59,101.33,12.45,5.33,308.741
31-12-2023,2062.59,101.33,12.45,5.33,308.741
01-01-2024,2063.8,101.33,12.45,5.33,309.698
02-01-2024,2058.88,102.2,13.2,5.33,309.698
03-01-2024,2040.78,102.49,14.04,5.33,309.698
04-01-2024,2043.26,102.42,14.13,5.33,309.698
05-01-2024,2045.5,102.41,13.35,5.33,309.698
06-01-2024,2045.5,102.41,13.35,5.33,309.698
07-01-2024,2045.5,102.41,13.35,5.33,309.698
08-01-2024,2027.84,102.21,13.08,5.33,309.698
09-01-2024,2029.59,102.57,12.76,5.33,309.698
10-01-2024,2023.4,102.36,12.69,5.33,309.698
11-01-2024,2028.09,102.29,12.44,5.33,309.698
12-01-2024,2048.72,102.4,12.7,5.33,309.698
13-01-2024,2048.72,102.4,12.7,5.33,309.698
14-01-2024,2048.72,102.4,12.7,5.33,309.698
15-01-2024,2054.49,102.4,13.25,5.33,309.698
16-01-2024,2027.59,103.36,13.84,5.33,309.698
17-01-2024,2005.72,103.45,14.79,5.33,309.698
18-01-2024,2022.67,103.54,14.13,5.33,309.698
19-01-2024,2029.09,103.29,13.3,5.33,309.698
20-01-2024,2029.09,103.29,13.3,5.33,309.698
21-01-2024,2029.09,103.29,13.3,5.33,309.698
22-01-2024,2020.99,103.33,13.19,5.33,309.698
23-01-2024,2028.69,103.62,12.55,5.33,309.698
24-01-2024,2012.59,103.24,13.14,5.33,309.698
25-01-2024,2019.75,103.57,13.45,5.33,309.698
26-01-2024,2018.34,103.43,13.26,5.33,309.698
27-01-2024,2018.34,103.43,13.26,5.33,309.698
28-01-2024,2018.34,103.43,13.26,5.33,309.698
29-01-2024,2031.75,103.61,13.6,5.33,309.698
30-01-2024,2036.12,103.4,13.31,5.33,309.698
31-01-2024,2037.19,103.27,14.35,5.33,309.698
01-02-2024,2054.89,103.05,13.88,5.33,310.967
02-02-2024,2038.59,103.92,13.85,5.33,310.967
03-02-2024,2038.59,103.92,13.85,5.33,310.967
04-02-2024,2038.59,103.92,13.85,5.33,310.967
05-02-2024,2024.67,104.45,13.67,5.33,310.967
06-02-2024,2035.46,104.21,13.06,5.33,310.967
07-02-2024,2034.22,104.06,12.83,5.33,310.967
08-02-2024,2033.18,104.17,12.79,5.33,310.967
09-02-2024,2024.16,104.11,12.93,5.33,310.967
10-02-2024,2024.16,104.11,12.93,5.33,310.967
11-02-2024,2024.16,104.11,12.93,5.33,310.967
12-02-2024,2019.79,104.17,13.93,5.33,310.967
13-02-2024,1992.13,104.96,15.85,5.33,310.967
14-02-2024,1992.39,104.72,14.38,5.33,310.967
15-02-2024,2004.09,104.3,14.01,5.33,310.967
16-02-2024,2013.1,104.3,14.24,5.33,310.967
17-02-2024,2013.1,104.3,14.24,5.33,310.967
18-02-2024,2013.1,104.3,14.24,5.33,310.967
19-02-2024,2017.63,104.29,14.71,5.33,310.967
20-02-2024,2023.53,104.08,15.42,5.33,310.967
21-02-2024,2024.99,104.01,15.34,5.33,310.967
22-02-2024,2024.11,103.96,14.54,5.33,310.967
23-02-2024,2035.72,103.94,13.75,5.33,310.967
24-02-2024,2035.72,103.94,13.75,5.33,310.967
25-02-2024,2035.72,103.94,13.75,5.33,310.967
26-02-2024,2030.66,103.83,13.74,5.33,310.967
27-02-2024,2029.64,103.83,13.43,5.33,310.967
28-02-2024,2034.62,103.97,13.84,5.33,310.967
29-02-2024,2043.24,104.16,13.4,5.33,310.967
01-03-2024,2083.39,103.86,13.11,5.33,312.345
02-03-2024,2083.39,103.86,13.11,5.33,312.345
03-03-2024,2083.39,103.86,13.11,5.33,312.345
04-03-2024,2114.99,103.83,13.49,5.33,312.345
05-03-2024,2127.55,103.8,14.46,5.33,312.345
06-03-2024,2148.29,103.37,14.5,5.33,312.345
07-03-2024,2159.16,102.82,14.44,5.33,312.345
08-03-2024,2177.51,102.71,14.74,5.33,312.345
09-03-2024,2177.51,102.71,14.74,5.33,312.345
10-03-2024,2177.51,102.71,14.74,5.33,312.345
11-03-2024,2182.47,102.87,15.22,5.33,312.345
12-03-2024,2157.99,102.96,13.84,5.33,312.345
13-03-2024,2174.4,102.79,13.75,5.33,312.345
14-03-2024,2161.01,103.36,14.4,5.33,312.345
15-03-2024,2155.54,103.43,14.41,5.33,312.345
16-03-2024,2155.54,103.43,14.41,5.33,312.345
17-03-2024,2155.54,103.43,14.41,5.33,312.345
18-03-2024,2159.99,103.59,14.33,5.33,312.345
19-03-2024,2157.23,103.84,13.82,5.33,312.345
20-03-2024,2185.96,103.41,13.04,5.33,312.345
21-03-2024,2180.81,104,12.92,5.33,312.345
22-03-2024,2164.15,104.47,13.06,5.33,312.345
23-03-2024,2164.15,104.47,13.06,5.33,312.345
24-03-2024,2164.15,104.47,13.06,5.33,312.345
25-03-2024,2171.45,104.24,13.19,5.33,312.345
26-03-2024,2178.58,104.29,13.24,5.33,312.345
27-03-2024,2194.02,104.35,12.78,5.33,312.345
28-03-2024,2232.38,104.55,13.01,5.33,312.345
29-03-2024,2232.38,104.55,13.01,5.33,312.345
30-03-2024,2232.38,104.55,13.01,5.33,312.345
31-03-2024,2232.38,104.55,13.01,5.33,312.345
01-04-2024,2250.36,105.02,13.65,5.33,313.023
02-04-2024,2280.1,104.82,14.61,5.33,313.023
03-04-2024,2299.17,104.25,14.33,5.33,313.023
04-04-2024,2289.43,104.12,16.35,5.33,313.023
05-04-2024,2329.5,104.3,16.03,5.33,313.023
06-04-2024,2329.5,104.3,16.03,5.33,313.023
07-04-2024,2329.5,104.3,16.03,5.33,313.023
08-04-2024,2338.89,104.14,15.19,5.33,313.023
09-04-2024,2352.58,104.15,14.98,5.33,313.023
10-04-2024,2332.79,105.25,15.8,5.33,313.023
11-04-2024,2373.24,105.28,14.91,5.33,313.023
12-04-2024,2343.43,106.04,17.31,5.33,313.023
13-04-2024,2343.43,106.04,17.31,5.33,313.023
14-04-2024,2343.43,106.04,17.31,5.33,313.023
15-04-2024,2382.51,106.21,19.23,5.33,313.023
16-04-2024,2382.83,106.26,18.4,5.33,313.023
17-04-2024,2360.81,105.95,18.21,5.33,313.023
18-04-2024,2378.25,106.15,18,5.33,313.023
19-04-2024,2390.45,106.15,18.71,5.33,313.023
20-04-2024,2390.45,106.15,18.71,5.33,313.023
21-04-2024,2390.45,106.15,18.71,5.33,313.023
22-04-2024,2326.29,106.08,16.94,5.33,313.023
23-04-2024,2321.81,105.68,15.69,5.33,313.023
24-04-2024,2315.82,105.86,15.97,5.33,313.023
25-04-2024,2331.78,105.6,15.37,5.33,313.023
26-04-2024,2337.72,105.94,15.03,5.33,313.023
27-04-2024,2337.72,105.94,15.03,5.33,313.023
28-04-2024,2337.72,105.94,15.03,5.33,313.023
29-04-2024,2334.44,105.58,14.67,5.33,313.023
30-04-2024,2285.57,106.22,15.65,5.33,313.023
01-05-2024,2317.9,105.75,15.39,5.33,313.175
02-05-2024,2303.29,105.3,14.68,5.33,313.175
03-05-2024,2301.56,105.03,13.49,5.33,313.175
04-05-2024,2301.56,105.03,13.49,5.33,313.175
05-05-2024,2301.56,105.03,13.49,5.33,313.175
06-05-2024,2323.57,105.05,13.49,5.33,313.175
07-05-2024,2313.79,105.41,13.23,5.33,313.175
08-05-2024,2308.65,105.55,13,5.33,313.175
09-05-2024,2345.88,105.23,12.69,5.33,313.175
10-05-2024,2360.14,105.3,12.55,5.33,313.175
11-05-2024,2360.14,105.3,12.55,5.33,313.175
12-05-2024,2360.14,105.3,12.55,5.33,313.175
13-05-2024,2336.05,105.22,13.6,5.33,313.175
14-05-2024,2357.97,105.01,13.42,5.33,313.175
15-05-2024,2386.04,104.35,12.45,5.33,313.175
16-05-2024,2376.44,104.46,12.42,5.33,313.175
17-05-2024,2414.89,104.44,11.99,5.33,313.175
18-05-2024,2414.89,104.44,11.99,5.33,313.175
19-05-2024,2414.89,104.44,11.99,5.33,313.175
20-05-2024,2425.12,104.57,12.15,5.33,313.175
21-05-2024,2421.64,104.66,11.86,5.33,313.175
22-05-2024,2378.25,104.93,12.29,5.33,313.175
23-05-2024,2328.37,105.11,12.77,5.33,313.175
24-05-2024,2333.76,104.72,11.93,5.33,313.175
25-05-2024,2333.76,104.72,11.93,5.33,313.175
26-05-2024,2333.76,104.72,11.93,5.33,313.175
27-05-2024,2350.74,104.6,12.36,5.33,313.175
28-05-2024,2360.95,104.61,12.92,5.33,313.175
29-05-2024,2338.77,105.1,14.28,5.33,313.175
30-05-2024,2343,104.72,14.47,5.33,313.175
31-05-2024,2326.97,104.67,12.92,5.33,313.175
01-06-2024,2326.97,104.67,12.92,5.33,313.044
02-06-2024,2326.97,104.67,12.92,5.33,313.044
03-06-2024,2350.35,104.14,13.11,5.33,313.044
04-06-2024,2327.68,104.11,13.16,5.33,313.044
05-06-2024,2354.78,104.27,12.63,5.33,313.044
06-06-2024,2375.61,104.1,12.58,5.33,313.044
07-06-2024,2292.71,104.89,12.22,5.33,313.044
08-06-2024,2292.71,104.89,12.22,5.33,313.044
09-06-2024,2292.71,104.89,12.22,5.33,313.044
10-06-2024,2310.6,105.15,12.74,5.33,313.044
11-06-2024,2316.27,105.23,12.85,5.33,313.044
12-06-2024,2322.55,104.64,12.04,5.33,313.044
13-06-2024,2303.19,105.2,11.94,5.33,313.044
14-06-2024,2332.52,105.55,12.66,5.33,313.044
15-06-2024,2332.52,105.55,12.66,5.33,313.044
16-06-2024,2332.52,105.55,12.66,5.33,313.044
17-06-2024,2318.87,105.32,12.75,5.33,313.044
18-06-2024,2328.33,105.26,12.3,5.33,313.044
19-06-2024,2327.48,105.25,12.48,5.33,313.044
20-06-2024,2359.63,105.59,13.28,5.33,313.044
21-06-2024,2320.34,105.8,13.2,5.33,313.044
22-06-2024,2320.34,105.8,13.2,5.33,313.044
23-06-2024,2320.34,105.8,13.2,5.33,313.044
24-06-2024,2332.93,105.47,13.33,5.33,313.044
25-06-2024,2319.01,105.61,12.84,5.33,313.044
26-06-2024,2297.91,106.05,12.55,5.33,313.044
27-06-2024,2327.45,105.91,12.24,5.33,313.044
28-06-2024,2325.71,105.87,12.44,5.33,313.044
29-06-2024,2325.71,105.87,12.44,5.33,313.044
30-06-2024,2325.71,105.87,12.44,5.33,313.044
01-07-2024,2331.7,105.9,12.22,5.33,313.569
02-07-2024,2329.28,105.72,12.03,5.33,313.569
03-07-2024,2356.06,105.4,12.09,5.33,313.569
04-07-2024,2356.12,105.13,12.26,5.33,313.569
05-07-2024,2391.46,104.88,12.48,5.33,313.569
06-07-2024,2391.46,104.88,12.48,5.33,313.569
07-07-2024,2391.46,104.88,12.48,5.33,313.569
08-07-2024,2358.8,105,12.37,5.33,313.569
09-07-2024,2363.58,105.13,12.51,5.33,313.569
10-07-2024,2371.07,105.05,12.85,5.33,313.569
11-07-2024,2414.78,104.44,12.92,5.33,313.569
12-07-2024,2411.27,104.09,12.46,5.33,313.569
13-07-2024,2411.27,104.09,12.46,5.33,313.569
14-07-2024,2411.27,104.09,12.46,5.33,313.569
15-07-2024,2422.07,104.19,13.12,5.33,313.569
16-07-2024,2468.57,104.27,13.19,5.33,313.569
17-07-2024,2458.38,103.75,14.48,5.33,313.569
18-07-2024,2444.97,104.17,15.93,5.33,313.569
19-07-2024,2400.79,104.4,16.52,5.33,313.569
20-07-2024,2400.79,104.4,16.52,5.33,313.569
21-07-2024,2400.79,104.4,16.52,5.33,313.569
22-07-2024,2397.65,104.31,14.91,5.33,313.569
23-07-2024,2409.21,104.45,14.72,5.33,313.569
24-07-2024,2397.59,104.39,18.04,5.33,313.569
25-07-2024,2364.5,104.36,18.46,5.33,313.569
26-07-2024,2385.57,104.32,16.39,5.33,313.569
27-07-2024,2385.57,104.32,16.39,5.33,313.569
28-07-2024,2385.57,104.32,16.39,5.33,313.569
29-07-2024,2383.54,104.56,16.6,5.33,313.569
30-07-2024,2408.43,104.55,17.69,5.33,313.569
31-07-2024,2448.1,104.1,16.36,5.33,313.569
01-08-2024,2445.42,104.42,18.59,5.33,314.062
02-08-2024,2443.29,103.21,23.39,5.33,314.062
03-08-2024,2443.29,103.21,23.39,5.33,314.062
04-08-2024,2443.29,103.21,23.39,5.33,314.062
05-08-2024,2407.65,102.69,38.57,5.33,314.062
06-08-2024,2389.37,102.97,27.71,5.33,314.062
07-08-2024,2381.53,103.2,27.85,5.33,314.062
08-08-2024,2426.75,103.21,23.79,5.33,314.062
09-08-2024,2430.93,103.14,20.37,5.33,314.062
10-08-2024,2430.93,103.14,20.37,5.33,314.062
11-08-2024,2430.93,103.14,20.37,5.33,314.062
12-08-2024,2472.25,103.14,20.71,5.33,314.062
13-08-2024,2465.03,102.56,18.12,5.33,314.062
14-08-2024,2447.64,102.57,16.19,5.33,314.062
15-08-2024,2456.1,102.98,15.23,5.33,314.062
16-08-2024,2507.28,102.46,14.8,5.33,314.062
17-08-2024,2507.28,102.46,14.8,5.33,314.062
18-08-2024,2507.28,102.46,14.8,5.33,314.062
19-08-2024,2503.92,101.89,14.65,5.33,314.062
20-08-2024,2513.74,101.44,15.88,5.33,314.062
21-08-2024,2511.95,101.04,16.27,5.33,314.062
22-08-2024,2483.29,101.51,17.55,5.33,314.062
23-08-2024,2512.07,100.72,15.86,5.33,314.062
24-08-2024,2512.07,100.72,15.86,5.33,314.062
25-08-2024,2512.07,100.72,15.86,5.33,314.062
26-08-2024,2516.89,100.85,16.15,5.33,314.062
27-08-2024,2524.57,100.55,15.43,5.33,314.062
28-08-2024,2502.25,101.09,17.11,5.33,314.062
29-08-2024,2521.18,101.34,15.65,5.33,314.062
30-08-2024,2503.03,101.7,15,5.33,314.062
31-08-2024,2503.03,101.7,15,5.33,314.062
01-09-2024,2503.03,101.7,15,5.33,314.732
02-09-2024,2499.29,101.65,15.55,5.33,314.732
03-09-2024,2492.76,101.82,20.72,5.33,314.732
04-09-2024,2494.19,101.36,21.32,5.33,314.732
05-09-2024,2516.32,101.11,19.9,5.33,314.732
06-09-2024,2497.03,101.18,22.38,5.33,314.732
07-09-2024,2497.03,101.18,22.38,5.33,314.732
08-09-2024,2497.03,101.18,22.38,5.33,314.732
09-09-2024,2505.25,101.55,19.45,5.33,314.732
10-09-2024,2516.12,101.63,19.08,5.33,314.732
11-09-2024,2511.44,101.68,17.69,5.33,314.732
12-09-2024,2558.75,101.37,17.07,5.33,314.732
13-09-2024,2576.5,101.11,16.56,5.33,314.732
14-09-2024,2576.5,101.11,16.56,5.33,314.732
15-09-2024,2576.5,101.11,16.56,5.33,314.732
16-09-2024,2582.58,100.76,17.14,5.33,314.732
17-09-2024,2569.52,100.89,17.61,5.33,314.732
18-09-2024,2558.8,100.6,18.23,5.33,314.732
19-09-2024,2586.48,100.61,16.33,4.83,314.732
20-09-2024,2621.96,100.72,16.15,4.83,314.732
21-09-2024,2621.96,100.72,16.15,4.83,314.732
22-09-2024,2621.96,100.72,16.15,4.83,314.732
23-09-2024,2628.4,100.85,15.89,4.83,314.732
24-09-2024,2656.7,100.47,15.39,4.83,314.732
25-09-2024,2656.82,100.91,15.41,4.83,314.732
26-09-2024,2670.2,100.52,15.37,4.83,314.732
27-09-2024,2657.97,100.38,16.96,4.83,314.732
28-09-2024,2657.97,100.38,16.96,4.83,314.732
29-09-2024,2657.97,100.38,16.96,4.83,314.732
30-09-2024,2634.49,100.78,16.73,4.83,314.732
01-10-2024,2662.82,101.19,19.26,4.83,315.631
02-10-2024,2657.75,101.68,18.9,4.83,315.631
03-10-2024,2655.9,101.99,20.49,4.83,315.631
04-10-2024,2652.25,102.52,19.21,4.83,315.631
05-10-2024,2652.25,102.52,19.21,4.83,315.631
06-10-2024,2652.25,102.52,19.21,4.83,315.631
07-10-2024,2643.58,102.54,22.64,4.83,315.631
08-10-2024,2621.94,102.55,21.42,4.83,315.631
09-10-2024,2607.77,102.93,20.86,4.83,315.631
10-10-2024,2629.48,102.99,20.93,4.83,315.631
11-10-2024,2656,102.89,20.46,4.83,315.631
12-10-2024,2656,102.89,20.46,4.83,315.631
13-10-2024,2656,102.89,20.46,4.83,315.631
14-10-2024,2651.05,103.3,19.7,4.83,315.631
15-10-2024,2660.99,103.26,20.64,4.83,315.631
16-10-2024,2673.24,103.59,19.58,4.83,315.631
17-10-2024,2692.55,103.82,19.11,4.83,315.631
18-10-2024,2720.25,103.49,18.03,4.83,315.631
19-10-2024,2720.25,103.49,18.03,4.83,315.631
20-10-2024,2720.25,103.49,18.03,4.83,315.631
21-10-2024,2719.65,104.01,18.37,4.83,315.631
22-10-2024,2748.38,104.07,18.2,4.83,315.631
23-10-2024,2717.54,104.43,19.24,4.83,315.631
24-10-2024,2735.7,104.06,19.08,4.83,315.631
25-10-2024,2747.69,104.26,20.33,4.83,315.631
26-10-2024,2747.69,104.26,20.33,4.83,315.631
27-10-2024,2747.69,104.26,20.33,4.83,315.631
28-10-2024,2741.98,104.32,19.8,4.83,315.631
29-10-2024,2775.13,104.32,19.34,4.83,315.631
30-10-2024,2786.19,103.99,20.35,4.83,315.631
31-10-2024,2743.8,103.98,23.16,4.83,315.631
01-11-2024,2735.16,104.28,21.88,4.83,316.528
02-11-2024,2735.16,104.28,21.88,4.83,316.528
03-11-2024,2735.16,104.28,21.88,4.83,316.528
04-11-2024,2736.39,103.89,21.98,4.83,316.528
05-11-2024,2743.59,103.42,20.49,4.83,316.528
06-11-2024,2659.24,105.09,16.27,4.83,316.528
07-11-2024,2706.99,104.51,15.2,4.83,316.528
08-11-2024,2683.77,105,14.94,4.58,316.528
09-11-2024,2683.77,105,14.94,4.58,316.528
10-11-2024,2683.77,105,14.94,4.58,316.528
11-11-2024,2620.2,105.54,14.97,4.58,316.528
12-11-2024,2597.27,106.02,14.71,4.58,316.528
13-11-2024,2573.78,106.48,14.02,4.58,316.528
14-11-2024,2566.19,106.67,14.31,4.58,316.528
15-11-2024,2561.24,106.69,16.14,4.58,316.528
16-11-2024,2561.24,106.69,16.14,4.58,316.528
17-11-2024,2561.24,106.69,16.14,4.58,316.528
18-11-2024,2612.2,106.28,15.58,4.58,316.528
19-11-2024,2631.68,106.21,16.35,4.58,316.528
20-11-2024,2650.05,106.68,17.16,4.58,316.528
21-11-2024,2669.69,106.97,16.87,4.58,316.528
22-11-2024,2712.55,107.55,15.24,4.58,316.528
23-11-2024,2712.55,107.55,15.24,4.58,316.528
24-11-2024,2712.55,107.55,15.24,4.58,316.528
25-11-2024,2625.26,106.82,14.6,4.58,316.528
26-11-2024,2631.89,107.01,14.1,4.58,316.528
27-11-2024,2635.51,106.08,14.1,4.58,316.528
28-11-2024,2640.96,106.14,13.9,4.58,316.528
29-11-2024,2653.55,105.74,13.51,4.58,316.528
30-11-2024,2653.55,105.74,13.51,4.58,316.528
01-12-2024,2653.55,105.74,13.51,4.58,317.604
02-12-2024,2638.93,106.45,13.34,4.58,317.604
03-12-2024,2643.44,106.36,13.3,4.58,317.604
04-12-2024,2649.79,106.32,13.45,4.58,317.604
05-12-2024,2632.05,105.71,13.54,4.58,317.604
06-12-2024,2632.91,106.06,12.77,4.58,317.604
07-12-2024,2632.91,106.06,12.77,4.58,317.604
08-12-2024,2632.91,106.06,12.77,4.58,317.604
09-12-2024,2658.78,106.14,14.19,4.58,317.604
10-12-2024,2693.64,106.4,14.18,4.58,317.604
11-12-2024,2717.93,106.71,13.58,4.58,317.604
12-12-2024,2681.33,106.96,13.92,4.58,317.604
13-12-2024,2648.39,107,13.81,4.58,317.604
14-12-2024,2648.39,107,13.81,4.58,317.604
15-12-2024,2648.39,107,13.81,4.58,317.604
16-12-2024,2652.5,106.86,14.69,4.58,317.604
17-12-2024,2645.54,106.96,15.87,4.58,317.604
18-12-2024,2587.63,108.03,27.62,4.58,317.604
19-12-2024,2593.85,108.41,24.09,4.33,317.604
20-12-2024,2620.77,107.62,18.36,4.33,317.604
21-12-2024,2620.77,107.62,18.36,4.33,317.604
22-12-2024,2620.77,107.62,18.36,4.33,317.604
23-12-2024,2612.93,108.04,16.78,4.33,317.604
24-12-2024,2613.2,108.2,14.27,4.33,317.604
25-12-2024,2613.2,108.2,14.27,4.33,317.604
26-12-2024,2634.43,108.13,14.73,4.33,317.604
27-12-2024,2620,108,15.95,4.33,317.604
28-12-2024,2620,108,15.95,4.33,317.604
29-12-2024,2620,108,15.95,4.33,317.604
30-12-2024,2605.39,108.13,17.4,4.33,317.604
31-12-2024,2623.81,108.49,17.35,4.33,317.604
01-01-2025,2623.81,108.49,17.35,4.33,318.961
02-01-2025,2657.16,109.39,17.93,4.33,318.961
03-01-2025,2639.12,108.95,16.13,4.33,318.961
04-01-2025,2639.12,108.95,16.13,4.33,318.961
05-01-2025,2639.12,108.95,16.13,4.33,318.961
06-01-2025,2635.33,108.26,16.04,4.33,318.961
07-01-2025,2649.49,108.54,17.82,4.33,318.961
08-01-2025,2662.06,109.09,17.7,4.33,318.961
09-01-2025,2670.19,109.18,18.07,4.33,318.961
10-01-2025,2689.63,109.65,19.54,4.33,318.961
11-01-2025,2689.63,109.65,19.54,4.33,318.961
12-01-2025,2689.63,109.65,19.54,4.33,318.961
13-01-2025,2662.12,109.96,19.19,4.33,318.961
14-01-2025,2677.16,109.27,18.71,4.33,318.961
15-01-2025,2695.82,109.09,16.12,4.33,318.961
16-01-2025,2713.77,108.96,16.6,4.33,318.961
17-01-2025,2701.55,109.35,15.97,4.33,318.961
18-01-2025,2701.55,109.35,15.97,4.33,318.961
19-01-2025,2701.55,109.35,15.97,4.33,318.961
20-01-2025,2708.06,109.35,15.81,4.33,318.961
21-01-2025,2744.39,108.06,15.06,4.33,318.961
22-01-2025,2755.02,108.17,15.1,4.33,318.961
23-01-2025,2753.69,108.05,15.02,4.33,318.961
24-01-2025,2771.3,107.44,14.85,4.33,318.961
25-01-2025,2771.3,107.44,14.85,4.33,318.961
26-01-2025,2771.3,107.44,14.85,4.33,318.961
27-01-2025,2741.1,107.34,17.9,4.33,318.961
28-01-2025,2763.11,107.87,16.41,4.33,318.961
29-01-2025,2757.71,108,16.56,4.33,318.961
30-01-2025,2793.88,107.8,15.84,4.33,318.961
31-01-2025,2801,108.37,16.43,4.33,318.961
01-02-2025,2801,108.37,16.43,4.33,319.679
02-02-2025,2801,108.37,16.43,4.33,319.679
03-02-2025,2813.49,108.99,18.62,4.33,319.679
04-02-2025,2841.94,107.96,17.21,4.33,319.679
05-02-2025,2865.09,107.58,15.77,4.33,319.679
06-02-2025,2856.5,107.69,15.5,4.33,319.679
07-02-2025,2860.39,108.04,16.54,4.33,319.679
08-02-2025,2860.39,108.04,16.54,4.33,319.679
09-02-2025,2860.39,108.04,16.54,4.33,319.679
10-02-2025,2907.34,108.32,15.81,4.33,319.679
11-02-2025,2898.34,107.96,16.02,4.33,319.679
12-02-2025,2903.66,107.94,15.89,4.33,319.679
13-02-2025,2929.03,107.31,15.1,4.33,319.679
14-02-2025,2883.18,106.71,14.77,4.33,319.679
15-02-2025,2883.18,106.71,14.77,4.33,319.679
16-02-2025,2883.18,106.71,14.77,4.33,319.679
17-02-2025,2897.66,106.57,15.37,4.33,319.679
18-02-2025,2935.58,107.05,15.35,4.33,319.679
19-02-2025,2932.64,107.17,15.27,4.33,319.679
20-02-2025,2938.7,106.37,15.66,4.33,319.679
21-02-2025,2936.03,106.61,18.21,4.33,319.679
22-02-2025,2936.03,106.61,18.21,4.33,319.679
23-02-2025,2936.03,106.61,18.21,4.33,319.679
24-02-2025,2951.19,106.6,18.98,4.33,319.679
25-02-2025,2915.12,106.31,19.43,4.33,319.679
26-02-2025,2916.19,106.42,19.1,4.33,319.679
27-02-2025,2876.19,107.24,21.13,4.33,319.679
28-02-2025,2858.6,107.61,19.63,4.33,319.679
01-03-2025,2858.6,107.61,19.63,4.33,319.785
02-03-2025,2858.6,107.61,19.63,4.33,319.785
03-03-2025,2893.71,106.75,22.78,4.33,319.785
04-03-2025,2917.49,105.74,23.51,4.33,319.785
05-03-2025,2918.84,104.3,21.93,4.33,319.785
06-03-2025,2909.99,104.06,24.87,4.33,319.785
07-03-2025,2910.79,103.84,23.37,4.33,319.785
08-03-2025,2910.79,103.84,23.37,4.33,319.785
09-03-2025,2910.79,103.84,23.37,4.33,319.785
10-03-2025,2889.4,103.97,27.86,4.33,319.785
11-03-2025,2916.04,103.29,26.92,4.33,319.785
12-03-2025,2932.06,103.61,24.23,4.33,319.785
13-03-2025,2987.75,103.83,24.66,4.33,319.785
14-03-2025,2984.42,103.72,21.77,4.33,319.785
15-03-2025,2984.42,103.72,21.77,4.33,319.785
16-03-2025,2984.42,103.72,21.77,4.33,319.785
17-03-2025,3001.47,103.37,20.51,4.33,319.785
18-03-2025,3033.95,103.24,21.7,4.33,319.785
19-03-2025,3047.18,103.43,19.9,4.33,319.785
20-03-2025,3044.41,103.85,19.8,4.33,319.785
21-03-2025,3023.63,104.09,19.28,4.33,319.785
22-03-2025,3023.63,104.09,19.28,4.33,319.785
23-03-2025,3023.63,104.09,19.28,4.33,319.785
24-03-2025,3012.27,104.26,17.48,4.33,319.785
25-03-2025,3019.85,104.18,17.15,4.33,319.785
26-03-2025,3019.29,104.55,18.33,4.33,319.785
27-03-2025,3056.1,104.33,18.69,4.33,319.785
28-03-2025,3084.03,104.04,21.65,4.33,319.785
29-03-2025,3084.03,104.04,21.65,4.33,319.785
30-03-2025,3084.03,104.04,21.65,4.33,319.785
31-03-2025,3123.05,104.21,22.28,4.33,319.785
01-04-2025,3110.55,104.26,21.77,4.33,320.302
02-04-2025,3133.57,103.81,21.51,4.33,320.302
03-04-2025,3112.83,102.07,30.02,4.33,320.302
04-04-2025,3037.36,103.02,45.31,4.33,320.302
05-04-2025,3037.36,103.02,45.31,4.33,320.302
06-04-2025,3037.36,103.02,45.31,4.33,320.302
07-04-2025,2982.54,103.26,46.98,4.33,320.302
08-04-2025,2983.78,102.96,52.33,4.33,320.302
09-04-2025,3082.18,102.9,33.62,4.33,320.302
10-04-2025,3173.92,100.87,40.72,4.33,320.302
11-04-2025,3236.21,100.1,37.56,4.33,320.302
12-04-2025,3236.21,100.1,37.56,4.33,320.302
13-04-2025,3236.21,100.1,37.56,4.33,320.302
14-04-2025,3209.28,99.64,30.89,4.33,320.302
15-04-2025,3227.6,100.21,30.12,4.33,320.302
16-04-2025,3343.22,99.38,32.64,4.33,320.302
17-04-2025,3327.54,99.38,29.65,4.33,320.302
18-04-2025,3327.54,99.38,29.65,4.33,320.302
19-04-2025,3327.54,99.38,29.65,4.33,320.302
20-04-2025,3327.54,99.38,29.65,4.33,320.302
21-04-2025,3424.3,98.28,33.82,4.33,320.302
22-04-2025,3382.54,98.92,30.57,4.33,320.302
23-04-2025,3288.26,99.84,28.45,4.33,320.302
24-04-2025,3349.1,99.38,26.47,4.33,320.302
25-04-2025,3319.45,99.47,24.84,4.33,320.302
26-04-2025,3319.45,99.47,24.84,4.33,320.302
27-04-2025,3319.45,99.47,24.84,4.33,320.302
28-04-2025,3341.67,99.01,25.15,4.33,320.302
29-04-2025,3317.18,99.24,24.17,4.33,320.302
30-04-2025,3288.59,99.47,24.7,4.33,320.302
01-05-2025,3241,100.25,24.6,4.33,320.62
02-05-2025,3240.88,100.03,22.68,4.33,320.62
03-05-2025,3240.88,100.03,22.68,4.33,320.62
04-05-2025,3240.88,100.03,22.68,4.33,320.62
05-05-2025,3334.5,99.83,23.64,4.33,320.62
06-05-2025,3430.21,99.24,24.76,4.33,320.62
07-05-2025,3365.21,99.61,23.55,4.33,320.62
08-05-2025,3305.52,100.64,22.48,4.33,320.62
09-05-2025,3324.63,100.34,21.9,4.33,320.62
10-05-2025,3324.63,100.34,21.9,4.33,320.62
11-05-2025,3324.63,100.34,21.9,4.33,320.62
12-05-2025,3234.7,101.79,18.39,4.33,320.62
13-05-2025,3248.47,101,18.22,4.33,320.62
14-05-2025,3178.75,101.04,18.62,4.33,320.62
15-05-2025,3240.87,100.88,17.83,4.33,320.62
16-05-2025,3202.77,101.09,17.24,4.33,320.62
17-05-2025,3202.77,101.09,17.24,4.33,320.62
18-05-2025,3202.77,101.09,17.24,4.33,320.62
19-05-2025,3229.85,100.43,18.14,4.33,320.62
20-05-2025,3290.12,100.12,18.09,4.33,320.62
21-05-2025,3314.99,99.56,20.87,4.33,320.62
22-05-2025,3295,99.96,20.28,4.33,320.62
23-05-2025,3357.42,99.11,22.29,4.33,320.62
24-05-2025,3357.42,99.11,22.29,4.33,320.62
25-05-2025,3357.42,99.11,22.29,4.33,320.62
26-05-2025,3342.94,99.11,20.57,4.33,320.62
27-05-2025,3300.68,99.52,18.96,4.33,320.62
28-05-2025,3289.76,99.88,19.31,4.33,320.62
29-05-2025,3317.02,99.28,19.18,4.33,320.62
30-05-2025,3289.4,99.33,18.57,4.33,320.62
31-05-2025,3289.4,99.33,18.57,4.33,320.62
01-06-2025,3289.4,99.33,18.57,4.33,321.435
02-06-2025,3380.21,98.71,18.36,4.33,321.435
03-06-2025,3352.25,99.23,17.69,4.33,321.435
04-06-2025,3376.54,98.79,17.61,4.33,321.435
05-06-2025,3354.16,98.74,18.48,4.33,321.435
06-06-2025,3310.17,99.19,16.77,4.33,321.435
07-06-2025,3310.17,99.19,16.77,4.33,321.435
08-06-2025,3310.17,99.19,16.77,4.33,321.435
09-06-2025,3328.33,98.94,17.16,4.33,321.435
10-06-2025,3323.02,99.1,16.95,4.33,321.435
11-06-2025,3353.84,98.63,17.26,4.33,321.435
12-06-2025,3385.29,97.92,18.02,4.33,321.435
13-06-2025,3432.64,98.18,20.82,4.33,321.435
14-06-2025,3432.64,98.18,20.82,4.33,321.435
15-06-2025,3432.64,98.18,20.82,4.33,321.435
16-06-2025,3383.2,98,19.11,4.33,321.435
17-06-2025,3388.74,98.82,21.6,4.33,321.435
18-06-2025,3369.09,98.9,20.14,4.33,321.435
19-06-2025,3370.75,98.9,22.17,4.33,321.435
20-06-2025,3368.23,98.71,20.62,4.33,321.435
21-06-2025,3368.23,98.71,20.62,4.33,321.435
22-06-2025,3368.23,98.71,20.62,4.33,321.435
23-06-2025,3368.88,98.42,19.83,4.33,321.435
24-06-2025,3324.2,97.86,17.48,4.33,321.435
25-06-2025,3332.46,97.68,16.76,4.33,321.435
26-06-2025,3328.06,97.15,16.59,4.33,321.435
27-06-2025,3274.25,97.4,16.32,4.33,321.435
28-06-2025,3274.25,97.4,16.32,4.33,321.435
29-06-2025,3274.25,97.4,16.32,4.33,321.435
30-06-2025,3303.69,96.88,16.73,4.33,321.435
01-07-2025,3339.21,96.82,16.83,4.33,322.169
02-07-2025,3357.36,96.78,16.64,4.33,322.169
03-07-2025,3326.57,97.18,16.38,4.33,322.169
04-07-2025,3336.64,96.96,17.48,4.33,322.169
05-07-2025,3336.64,96.96,17.48,4.33,322.169
06-07-2025,3336.64,96.96,17.48,4.33,322.169
07-07-2025,3335.61,97.48,17.79,4.33,322.169
08-07-2025,3300.7,97.52,16.81,4.33,322.169
09-07-2025,3313.72,97.56,15.94,4.33,322.169
10-07-2025,3323.07,97.65,15.78,4.33,322.169
11-07-2025,3355.91,97.85,16.4,4.33,322.169
12-07-2025,3355.91,97.85,16.4,4.33,322.169
13-07-2025,3355.91,97.85,16.4,4.33,322.169
14-07-2025,3343.8,98.08,17.2,4.33,322.169
15-07-2025,3322.63,98.62,17.38,4.33,322.169
16-07-2025,3346.58,98.39,17.16,4.33,322.169
17-07-2025,3338.95,98.73,16.52,4.33,322.169
18-07-2025,3350.4,98.48,16.41,4.33,322.169
19-07-2025,3350.4,98.48,16.41,4.33,322.169
20-07-2025,3350.4,98.48,16.41,4.33,322.169
21-07-2025,3395.8,97.85,16.65,4.33,322.169
22-07-2025,3431.5,97.39,16.5,4.33,322.169
23-07-2025,3387.78,97.21,15.37,4.33,322.169
24-07-2025,3368.15,97.38,15.39,4.33,322.169
25-07-2025,3337.18,97.64,14.93,4.33,322.169
26-07-2025,3337.18,97.64,14.93,4.33,322.169
27-07-2025,3337.18,97.64,14.93,4.33,322.169
28-07-2025,3314.64,98.63,15.03,4.33,322.169
29-07-2025,3326.84,98.89,15.98,4.33,322.169
30-07-2025,3275.25,99.82,15.48,4.33,322.169
31-07-2025,3290.32,99.97,16.72,4.33,322.169
01-08-2025,3362.88,99.14,20.38,4.33,323.291
02-08-2025,3362.88,99.14,20.38,4.33,323.291
03-08-2025,3362.88,99.14,20.38,4.33,323.291
04-08-2025,3373.37,98.78,17.52,4.33,323.291
05-08-2025,3381.27,98.78,17.85,4.33,323.291
06-08-2025,3369.04,98.18,16.77,4.33,323.291
07-08-2025,3397.31,98.4,16.57,4.33,323.291
08-08-2025,3398.78,98.18,15.15,4.33,323.291
09-08-2025,3398.78,98.18,15.15,4.33,323.291
10-08-2025,3398.78,98.18,15.15,4.33,323.291
11-08-2025,3344.83,98.52,16.25,4.33,323.291
12-08-2025,3346.2,98.1,14.73,4.33,323.291
13-08-2025,3354.73,97.84,14.49,4.33,323.291
14-08-2025,3336.5,98.25,14.83,4.33,323.291
15-08-2025,3335.39,97.85,15.09,4.33,323.291
16-08-2025,3335.39,97.85,15.09,4.33,323.291
17-08-2025,3335.39,97.85,15.09,4.33,323.291
18-08-2025,3330.55,98.17,14.99,4.33,323.291
19-08-2025,3315.46,98.26,15.57,4.33,323.291
20-08-2025,3347.11,98.22,15.69,4.33,323.291
21-08-2025,3338.81,98.62,16.6,4.33,323.291
22-08-2025,3372.11,97.72,14.22,4.33,323.291
23-08-2025,3372.11,97.72,14.22,4.33,323.291
24-08-2025,3372.11,97.72,14.22,4.33,323.291
25-08-2025,3366.79,98.43,14.79,4.33,323.291
26-08-2025,3392.88,98.22,14.62,4.33,323.291
27-08-2025,3397.42,98.23,14.85,4.33,323.291
28-08-2025,3417.2,97.81,14.43,4.33,323.291
29-08-2025,3448,97.77,15.36,4.33,323.291
30-08-2025,3448,97.77,15.36,4.33,323.291
31-08-2025,3448,97.77,15.36,4.33,323.291
01-09-2025,3476.47,97.77,16.12,4.33,324.245
02-09-2025,3533.73,98.4,17.17,4.33,324.245
03-09-2025,3559.43,98.14,16.35,4.33,324.245
04-09-2025,3546.17,98.35,15.3,4.33,324.245
05-09-2025,3586.81,97.77,15.18,4.33,324.245
06-09-2025,3586.81,97.77,15.18,4.33,324.245
07-09-2025,3586.81,97.77,15.18,4.33,324.245
08-09-2025,3635.84,97.45,15.11,4.33,324.245
09-09-2025,3626.48,97.79,15.04,4.33,324.245
10-09-2025,3640.74,97.78,15.35,4.33,324.245
11-09-2025,3634.09,97.53,14.71,4.33,324.245
12-09-2025,3643.13,97.55,14.76,4.33,324.245
13-09-2025,3643.13,97.55,14.76,4.33,324.245
14-09-2025,3643.13,97.55,14.76,4.33,324.245
15-09-2025,3679.13,97.3,15.69,4.33,324.245
16-09-2025,3689.8,96.63,16.36,4.33,324.245
17-09-2025,3660.04,96.87,15.72,4.33,324.245
18-09-2025,3644.36,97.35,15.7,4.08,324.245
19-09-2025,3684.98,97.64,15.45,4.08,324.245
20-09-2025,3684.98,97.64,15.45,4.08,324.245
21-09-2025,3684.98,97.64,15.45,4.08,324.245
22-09-2025,3746.47,97.34,16.1,4.09,324.245
23-09-2025,3764.19,97.26,16.64,4.09,324.245
24-09-2025,3736.29,97.87,16.18,4.09,324.245
25-09-2025,3749.37,98.55,16.74,4.09,324.245
26-09-2025,3760.24,98.15,15.29,4.09,324.245
27-09-2025,3760.24,98.15,15.29,4.09,324.245
28-09-2025,3760.24,98.15,15.29,4.09,324.245
29-09-2025,3833.93,97.91,16.12,4.09,324.245
30-09-2025,3858.51,97.78,16.28,4.09,324.245
01-10-2025,3865.8,97.71,16.29,4.09,325.045
02-10-2025,3856.53,97.85,16.63,4.09,325.045
03-10-2025,3886.83,97.72,16.65,4.09,325.045
04-10-2025,3886.83,97.72,16.65,4.09,325.045
05-10-2025,3886.83,97.72,16.65,4.09,325.045
06-10-2025,3961.09,98.11,16.37,4.09,325.045
07-10-2025,3983.82,98.58,17.24,4.09,325.045
08-10-2025,4038.9,98.92,16.3,4.1,325.045
09-10-2025,3976.29,99.54,16.43,4.1,325.045
10-10-2025,4018.3,98.98,21.66,4.1,325.045
11-10-2025,4018.3,98.98,21.66,4.1,325.045
12-10-2025,4018.3,98.98,21.66,4.1,325.045
13-10-2025,4110.7,99.27,19.03,4.1,325.045
14-10-2025,4142.31,99.05,20.81,4.1,325.045
15-10-2025,4208.58,98.79,20.64,4.1,325.045
16-10-2025,4326.18,98.34,25.31,4.11,325.045
17-10-2025,4249.98,98.43,20.78,4.11,325.045
18-10-2025,4249.98,98.43,20.78,4.11,325.045
19-10-2025,4249.98,98.43,20.78,4.11,325.045
20-10-2025,4356.5,98.59,18.23,4.11,325.045
21-10-2025,4125.1,98.93,17.87,4.11,325.045
22-10-2025,4094.07,98.9,18.6,4.11,325.045
23-10-2025,4126.17,98.94,17.3,4.11,325.045
24-10-2025,4112.1,98.95,16.37,4.11,325.045
25-10-2025,4112.1,98.95,16.37,4.11,325.045
26-10-2025,4112.1,98.95,16.37,4.11,325.045
27-10-2025,3981.59,98.78,15.79,4.12,325.045
28-10-2025,3952.58,98.67,16.42,4.12,325.045
29-10-2025,3930.38,99.22,16.92,4.12,325.045
30-10-2025,4024.47,99.53,16.91,3.87,325.045
31-10-2025,4002.28,99.8,17.44,3.86,325.045
01-11-2025,4002.28,99.8,17.44,3.86,325.063
02-11-2025,4002.28,99.8,17.44,3.86,325.063
03-11-2025,4001.67,99.87,17.17,3.87,325.063
04-11-2025,3932.05,100.22,19,3.87,325.063
05-11-2025,3982.62,100.2,18.01,3.87,325.063
06-11-2025,3977.87,99.73,19.5,3.87,325.063
07-11-2025,3999.72,99.6,19.08,3.87,325.063
08-11-2025,3999.72,99.6,19.08,3.87,325.063
09-11-2025,3999.72,99.6,19.08,3.87,325.063
10-11-2025,4115.9,99.59,17.6,3.87,325.063
11-11-2025,4126.68,99.44,17.28,3.87,325.063
12-11-2025,4198.73,99.5,17.51,3.87,325.063
13-11-2025,4171.46,99.16,20,3.88,325.063
14-11-2025,4079.58,99.3,19.83,3.88,325.063
15-11-2025,4079.58,99.3,19.83,3.88,325.063
16-11-2025,4079.58,99.3,19.83,3.88,325.063
17-11-2025,4044.61,99.59,22.38,3.88,325.063
18-11-2025,4067.88,99.55,24.69,3.88,325.063
19-11-2025,4081.66,100.23,23.66,3.88,325.063
20-11-2025,4077.5,100.16,26.42,3.88,325.063
21-11-2025,4065.9,100.18,23.43,3.88,325.063
22-11-2025,4065.9,100.18,23.43,3.88,325.063
23-11-2025,4065.9,100.18,23.43,3.88,325.063
24-11-2025,4139.7,100.14,20.52,3.88,325.063
25-11-2025,4131.15,99.66,18.56,3.88,325.063
26-11-2025,4164.59,99.6,17.19,3.88,325.063
27-11-2025,4157.57,99.6,17.21,3.88,325.063
28-11-2025,4230.63,99.44,16.35,3.89,325.063
29-11-2025,4230.63,99.44,16.35,3.89,325.063
30-11-2025,4230.63,99.44,16.35,3.89,325.063
01-12-2025,4232.73,99.41,17.24,3.89,326.031
02-12-2025,4208.14,99.36,16.59,3.89,326.031
03-12-2025,4206.22,98.85,16.08,3.89,326.031
04-12-2025,4208.69,98.99,15.78,3.89,326.031
05-12-2025,4197.13,98.99,15.41,3.89,326.031
06-12-2025,4197.13,98.99,15.41,3.89,326.031
07-12-2025,4197.13,98.99,15.41,3.89,326.031
08-12-2025,4189.05,99.09,16.66,3.89,326.031
09-12-2025,4209.54,99.22,16.93,3.89,326.031
10-12-2025,4228.55,98.79,15.77,3.89,326.031
11-12-2025,4283.28,98.35,14.85,3.64,326.031
12-12-2025,4302.43,98.4,15.74,3.64,326.031
13-12-2025,4302.43,98.4,15.74,3.64,326.031
14-12-2025,4302.43,98.4,15.74,3.64,326.031
15-12-2025,4302.7,98.31,16.5,3.64,326.031
16-12-2025,4303.8,98.15,16.48,3.64,326.031
17-12-2025,4341.08,98.37,17.62,3.64,326.031
18-12-2025,4332.4,98.43,16.87,3.64,326.031
19-12-2025,4338.55,98.6,14.91,3.64,326.031
20-12-2025,4338.55,98.6,14.91,3.64,326.031
21-12-2025,4338.55,98.6,14.91,3.64,326.031
22-12-2025,4445.95,98.29,14.08,3.64,326.031
23-12-2025,4488.82,97.94,14,3.64,326.031
24-12-2025,4479.64,97.94,13.47,3.64,326.031
25-12-2025,4495.35,97.94,13.47,3.64,326.031
26-12-2025,4532.63,98.02,13.6,3.64,326.031
27-12-2025,4532.63,98.02,13.6,3.64,326.031
28-12-2025,4532.63,98.02,13.6,3.64,326.031
29-12-2025,4332.08,98.04,14.2,3.64,326.031
30-12-2025,4346.51,98.24,14.33,3.64,326.031
31-12-2025,4315.09,98.32,14.95,3.64,326.031
01-01-2026,4348.35,98.32,14.95,3.64,326.588
02-01-2026,4330.5,98.42,14.51,3.64,326.588
03-01-2026,4330.5,98.42,14.51,3.64,326.588
04-01-2026,4330.5,98.42,14.51,3.64,326.588
05-01-2026,4448.47,98.27,14.9,3.64,326.588
06-01-2026,4497.34,98.58,14.75,3.64,326.588
07-01-2026,4453.04,98.68,15.38,3.64,326.588
08-01-2026,4476.73,98.93,15.45,3.64,326.588
09-01-2026,4510.45,99.13,14.49,3.64,326.588
10-01-2026,4510.45,99.13,14.49,3.64,326.588
11-01-2026,4510.45,99.13,14.49,3.64,326.588
12-01-2026,4594,98.86,15.12,3.64,326.588
13-01-2026,4588,99.13,15.98,3.64,326.588
14-01-2026,4620.83,99.13,16.75,3.64,326.588
15-01-2026,4614.91,99.32,15.84,3.64,326.588
16-01-2026,4595.1,99.39,15.86,3.64,326.588
17-01-2026,4595.1,99.39,15.86,3.64,326.588
18-01-2026,4595.1,99.39,15.86,3.64,326.588
19-01-2026,4671.02,99.39,18.84,3.64,326.588
20-01-2026,4763.49,98.64,20.09,3.64,326.588
21-01-2026,4836.67,98.76,16.9,3.64,326.588
22-01-2026,4936.75,98.36,15.64,3.64,326.588
23-01-2026,4982.91,97.6,16.09,3.64,326.588
24-01-2026,4982.91,97.6,16.09,3.64,326.588
25-01-2026,4982.91,97.6,16.09,3.64,326.588
26-01-2026,5015.34,97.04,16.15,3.64,326.588
27-01-2026,5189.62,96.22,16.35,3.64,326.588
28-01-2026,5400.25,96.45,16.35,3.64,326.588
29-01-2026,5395.88,96.28,16.88,3.64,326.588
30-01-2026,4865.35,96.99,17.44,3.64,326.588
31-01-2026,4865.35,96.99,17.44,3.64,326.588
01-02-2026,4865.35,96.99,17.44,3.64,327.46
02-02-2026,4666.27,97.63,16.34,3.64,327.46
03-02-2026,4939.33,97.44,18,3.64,327.46
04-02-2026,4963.6,97.62,18.64,3.64,327.46
05-02-2026,4770.95,97.82,21.77,3.64,327.46
06-02-2026,4961.15,97.63,17.76,3.64,327.46
07-02-2026,4961.15,97.63,17.76,3.64,327.46
08-02-2026,4961.15,97.63,17.76,3.64,327.46
09-02-2026,5065.55,96.82,17.36,3.64,327.46
10-02-2026,5023.47,96.8,17.79,3.64,327.46
11-02-2026,5078.96,96.83,17.65,3.64,327.46
12-02-2026,4920.32,96.93,20.82,3.64,327.46
13-02-2026,5043.11,96.92,20.6,3.64,327.46
14-02-2026,5043.11,96.92,20.6,3.64,327.46
15-02-2026,5043.11,96.92,20.6,3.64,327.46
16-02-2026,4992.37,96.92,21.2,3.64,327.46
17-02-2026,4877.7,97.15,20.29,3.64,327.46
18-02-2026,4979.45,97.7,19.62,3.64,327.46
19-02-2026,4999.35,97.93,20.23,3.64,327.46
20-02-2026,5104.34,97.8,19.09,3.64,327.46
21-02-2026,5104.34,97.8,19.09,3.64,327.46
22-02-2026,5104.34,97.8,19.09,3.64,327.46
23-02-2026,5231.55,97.71,21.01,3.64,327.46
24-02-2026,5148.18,97.84,19.55,3.64,327.46
25-02-2026,5171.16,97.7,17.93,3.64,327.46
26-02-2026,5187.26,97.79,18.63,3.64,327.46
27-02-2026,5277.9,97.61,19.86,3.64,327.46
28-02-2026,5277.9,97.61,19.86,3.64,327.46
01-03-2026,5277.9,97.61,19.86,3.64,327.46
02-03-2026,5327.42,98.38,21.44,3.64,327.46
03-03-2026,5087.47,99.05,23.57,3.64,327.46
04-03-2026,5135.92,98.77,21.15,3.64,327.46
05-03-2026,5077.39,99.32,23.75,3.64,327.46
06-03-2026,5171.12,98.99,29.49,3.64,327.46
07-03-2026,5171.12,98.99,29.49,3.64,327.46
08-03-2026,5171.12,98.99,29.49,3.64,327.46
09-03-2026,5139.56,99.18,25.5,3.64,327.46
10-03-2026,5192.94,98.83,24.93,3.64,327.46
11-03-2026,5177.07,99.23,24.23,3.64,327.46
12-03-2026,5080.07,99.74,27.29,3.64,327.46
13-03-2026,5019.25,100.36,27.19,3.64,327.46
14-03-2026,5019.25,100.36,27.19,3.64,327.46
15-03-2026,5019.25,100.36,27.19,3.64,327.46
16-03-2026,5006.43,99.71,23.51,3.64,327.46
17-03-2026,5006,99.57,22.37,3.64,327.46
18-03-2026,4818.81,100.09,25.09,3.64,327.46
19-03-2026,4651.73,99.23,24.06,3.64,327.46
20-03-2026,4491.15,99.65,26.78,3.64,327.46
21-03-2026,4491.15,99.65,26.78,3.64,327.46
22-03-2026,4491.15,99.65,26.78,3.64,327.46
23-03-2026,4407.62,98.95,26.15,3.64,327.46
24-03-2026,4474.44,99.43,26.95,3.64,327.46
25-03-2026,4506.55,99.6,25.33,3.64,327.46
26-03-2026,4380.03,99.9,27.44,3.64,327.46
27-03-2026,4492.99,100.15,31.05,3.64,327.46
28-03-2026,4492.99,100.15,31.05,3.64,327.46
29-03-2026,4447.65,100.15,31.05,3.64,327.46
30-03-2026,4511.25,100.51,30.61,3.64,327.46
31-03-2026,4672.01,99.96,25.25,3.64,327.46
